#name,strength,airport,city,country,description,type,latitude,longitude,,
Moganshan,,HGH,,CN,A mountain retreat near Hangzhou,Adventure Tourism,,,,
Fernando de Noronha,,FEN,,BR,A pristine archipelago off Brazil's northeast coast,Adventure Tourism,,,,
Ilha Grande,,GIG,Rio de Janeiro,BR,A pristine island off the coast of Rio de Janeiro,Adventure Tourism,,,,
Jiuzhaigou,,JZH,,CN,A stunning national park in Sichuan Province,Adventure Tourism,,,,
Mogao Caves,,JGN,,CN,A UNESCO World Heritage site in Gansu Province,Adventure Tourism,,,,
Fenghuang,,HJJ,,CN,A well-preserved ancient town in Hunan Province,Adventure Tourism,,,,
Shangri-La,,DIG,,CN,An exclusive Tibetan town in Yunnan Province,Adventure Tourism,,,,
Ha Long Bay,,HPH,,VN,Cruise through mystical limestone formations with luxurious junks offering private balconies and gourmet meals.,Adventure Tourism,,,,
Kerala Backwaters,,COK,,IN,Cruise through serene backwaters on luxurious houseboats,Adventure Tourism,,,,
Raja Ampat Islands,,RJM,,ID,Dive into a biodiverse coral paradise with exclusive liveaboard diving experiences.,Adventure Tourism,,,,
Komodo National Park,,LBJ,,ID,Encounter Komodo dragons and other unique wildlife with luxurious liveaboard diving experiences and private island stays.,Adventure Tourism,,,,
Atacama Desert,,CJC,,CL,Experience otherworldly landscapes and luxurious accommodations with stargazing and desert adventure options.,Adventure Tourism,,,,
Moken Islands,,KAW,,MM,Experience pristine beaches and encounters with the indigenous Moken people on exclusive yacht charters or private island stays.,Adventure Tourism,,,,
Wadi Rum Desert,,AQJ,,JO,Experience the beauty of the desert with luxurious glamping experiences and private stargazing sessions.,Adventure Tourism,,,,
Palawan,,PPS,,PH,Explore hidden lagoons and pristine beaches with exclusive island resorts offering private pools and personalized service.,Adventure Tourism,,,,
Petra,,AMM,,JO,Explore the ancient Nabataean city with high-end hotels and private guided tours.,Adventure Tourism,,,,
Great Barrier Reef,,MQT,,AU,Explore the world's largest coral reef system with private yacht charters and luxurious island resorts.,Adventure Tourism,,,,
Fraser Island,,HVB,,AU,Explore the world's largest sand island with exclusive wilderness resorts and private 4x4 tours.,Adventure Tourism,,,,
Marrakesh,,RAK,,MA,Explore vibrant markets and historic sites with luxurious riads offering personalized service and traditional hammam experiences.,Adventure Tourism,,,,
South Island,,WKA,,NZ,Hike majestic mountains and cruise through stunning fjords with exclusive lodges offering personalized service and breathtaking scenery.,Adventure Tourism,,,,
Zhangjiajie National Forest Park,,DYG,,CN,Hike through otherworldly sandstone pillars with upscale hotels offering breathtaking mountain views.,Adventure Tourism,,,,
Giant Wave Surfing,,HNL,,US,Luxurious beachfront estates set the scene for world-class surfing and private helicopter tours.,Adventure Tourism,,,,
Svalbard,,LYR,,NO,Pristine Arctic wilderness with exclusive expedition lodges and unparalleled polar bear viewing opportunities.,Adventure Tourism,,,,
Polar bears,,LYR,,NO,,Adventure Tourism,,,,
The Faroe Islands,,FAE,,FO,Remote and rugged landscapes with luxury accommodations and exclusive wildlife experiences.,Adventure Tourism,,,,
Yakushima,,KUM,,JP,Remote island paradise famous for its ancient forests,Adventure Tourism,,,,
Ishigaki Island,,ISG,,JP,Remote island paradise offering exclusive diving spots,Adventure Tourism,,,,
Lhasa,,LXA,,CN,The capital city of Tibet,Adventure Tourism,,,,
Ushuaia,,USH,,AR,The southernmost city in the world attracting affluent travelers with its luxury wilderness lodges,Adventure Tourism,,,,
Queen Elizabeth National Park,,EBB,,UG,Track chimpanzees and gorillas in lush rainforests with high-end lodges boasting exceptional wildlife viewing.,Adventure Tourism,,,,
Iceland,,KEF,,IS,Witness geothermal wonders and glaciers with luxurious lodges offering private hot springs and Northern Lights viewing opportunities.,Adventure Tourism,,,,
Namib Desert,,WVB,,NA,Witness iconic sand dunes and unique desert landscapes with luxury lodges offering private stargazing and wildlife viewing.,Adventure Tourism,,,,
Uluru-Kata Tjuta National Park,,AYQ,,AU,Witness the sacred monoliths with luxury lodges offering cultural experiences and desert sunsets.,Adventure Tourism,,,,
Amazon Rainforest,,MAO,,BR,,Adventure Tourism,,,,
Angkor Wat,,SAI,,KH,,Adventure Tourism,,,,
Annapurna Circuit,,KTM,,NP,,Adventure Tourism,,,,
Banff National Park,,YYC,,CA,,Adventure Tourism,,,,
Bora Bora,,BOB,,PF,,Adventure Tourism,,,,
Charter Yacht Voyage,,OLB,,IT,,Adventure Tourism,,,,
Denali National Park,,ANC,,US,,Adventure Tourism,,,,
Fiordland National Park,,ZQN,,NZ,,Adventure Tourism,,,,
Galapagos,,GPS,,EC,,Adventure Tourism,,,,
Glacier National Park,,FCA,,US,,Adventure Tourism,,,,
Grand Canyon,,GCN,,US,,Adventure Tourism,,,,
Great Barrier Reef,,CNS,,AU,,Adventure Tourism,,,,
Iceland's Ring Road,,KEF,,IS,,Adventure Tourism,,,,
Kahului,,OGG,,US,,Adventure Tourism,,,,
Kakadu National Park,,DRW,,AU,,Adventure Tourism,,,,
Kruger National Park,,MQP,,ZA,,Adventure Tourism,,,,
Lofoten Islands,,EVE,,NO,,Adventure Tourism,,,,
Mara Serena Lodge,,MRE,,KE,,Adventure Tourism,,,,
Mount Everest Base Camp,,LUA,,NP,,Adventure Tourism,,,,
Namib Desert,,WDH,,NA,,Adventure Tourism,,,,
Antarctica,,TNM,,AQ,,Adventure Tourism,,,,
Antarctica helicopter tour,,TNM,,AQ,,Adventure Tourism,,,,
Saba,,SAB,,BQ,,Adventure Tourism,,,,
Sahara Desert,,GBE,,BW,,Adventure Tourism,,,,
Serengeti National Park,,ARK,,TZ,,Adventure Tourism,,,,
The Himalayas,,KTM,,NP,,Adventure Tourism,,,,
The Inca Trail,,CUZ,,PE,,Adventure Tourism,,,,
Torres del Paine National Park,,PUQ,,CL,,Adventure Tourism,,,,
Victoria Falls,,VFA,,ZM,,Adventure Tourism,,,,
Victoria Falls & Okavango Delta,,VFA,,BW,,Adventure Tourism,,,,
Yosemite National Park,,FAT,,US,,Adventure Tourism,,,,
Beijing Central Government Complex,,PEK,Beijing,CN,,Elite Destination,,,,
Elysee Palace,,CDG,Paris,FR,,Elite Destination,,,,
Kremlin,,SVO,,RU,,Elite Destination,,,,
National Diet Building,,HND,Tokyo,JP,,Elite Destination,,,,
Palace of Westminster,,LHR,London,GB,,Elite Destination,,,country,COUNTA of country
Palacio do Planalto,,BSB,,BR,,Elite Destination,,,US,246
Rashtrapati Bhavan,,DEL,Delhi,IN,,Elite Destination,,,CN,98
The Capitol,,MEX,Mexico City,MX,,Elite Destination,,,IT,49
United Nations,,JFK,New York,US,,Elite Destination,,,JP,42
US Capitol,2,DCA,Washington D.C.,US,,Elite Destination,,,MX,39
The Grand National,,LPL,,UK,"A world-famous steeplechase horse race attracting large, fashionable crowds and high-stakes betting.",Elite Destination,,,IN,37
The TED Conference,,YVR,,CA,Annual gathering of innovators,Elite Destination,,,FR,36
The Davos Forum,,ZRH,Zurich,CH,Elite gathering of global leaders,Elite Destination,,,ID,34
The Masters Tournament,,AGS,,US,Exclusive golf tournament,Elite Destination,,,AU,34
The Abu Dhabi Grand Prix,,AUH,Abu Dhabi,AE,Formula One race held at the Yas Marina Circuit,Elite Destination,,,AE,29
Palio di Siena,,FLR,"Siena, Italy",IT,"Historic, twice-yearly horse race held in the heart of Siena, with bareback riders representing different districts, filled with pageantry and tradition.",Elite Destination,,,TH,28
The Art Basel Fair,,MIA,,US,Leading art fair held showcasing contemporary and modern artworks,Elite Destination,,,GB,28
The Art Basel Fair,,HKG,,HK,Leading art fair held showcasing contemporary and modern artworks,Elite Destination,,,ES,26
The Art Basel Fair,,BSL,,CH,Leading art fair held showcasing contemporary and modern artworks,Elite Destination,,,CH,24
Christie's Auction House,,LHR,London,GB,Leading auction house specializing,Elite Destination,,,BR,24
The Aspen Institute,,ASE,,US,Nonprofit organization promoting leadership and social impact through conferences and initiatives attended by affluent individuals and philanthropists.,Elite Destination,,,TR,23
Sotheby's Auction House,,LHR,London,GB,Premier auction house specializing,Elite Destination,,,GR,23
The Cannes Film Festival,,NCE,Nice,FR,Prestigious film festival in Cannes,Elite Destination,,,CA,20
Mayo Clinic,,RST,,US,"Renowned medical institution offering cutting-edge treatments and comprehensive executive health evaluations, attracting clientele seeking the premier healthcare.",Elite Destination,,,DE,16
Met Gala,,JFK,,US,"Ultra-exclusive fashion event at the Metropolitan Museum of Art, known for extravagant themes and celebrity attendees.",Elite Destination,,,NZ,14
Collège Alpin International Beau Soleil,,GVA,Villars-sur-Ollon,CH,,Elite Destination,,,SA,13
Dubai World Cup,,DXB,,AE,,Elite Destination,,,SG,11
Fashion Week,,MXP,,IT,,Elite Destination,,,PE,11
Monaco Grand Prix,,NCE,,FR,,Elite Destination,,,MY,11
World Economic Forum,2,ZRH,,CH,,Elite Destination,,,HK,11
Salta,,SLA,,AR,A charming city in northwest Argentina,Elite residential,,,QA,10
Trancoso,,BPS,,BR,A chic beach destination in Bahia,Elite residential,,,MV,10
Punta del Este,,PDP,,UY,A glamorous resort town on Uruguay's southeastern coast,Elite residential,,,KR,10
Cartagena,,CTG,,CO,A historic port city on Colombia's Caribbean coast,Elite residential,,,EG,10
The Bund,,SHA,Shanghai,CN,A historic waterfront district with stunning architecture and high-end residences overlooking the Huangpu River.,Elite residential,,,AR,10
Bariloche,,BRC,,AR,A picturesque city in the Argentine Andes,Elite residential,,,ZA,9
Yangshuo,,KWL,,CN,A picturesque riverside town in Guangxi Province,Elite residential,,,VN,9
Mustique,,MQS,,VC,"A small, private island with villas attracting celebrities and royalty, offering privacy and seclusion.",Elite residential,,,MA,9
Angra dos Reis,,GIG,Rio de Janeiro,BR,A stunning coastal town near Rio de Janeiro,Elite residential,,,RU,7
Westdale,,YHM,,CA,Affluent community with stately homes,Elite residential,,,MO,7
San Isidro,,LIM,,PE,Affluent district with historic mansions,Elite residential,,,JO,7
Vitacura,,SCL,,CL,Affluent neighborhood known for its high-end apartment buildings,Elite residential,,,AT,7
Wuzhen,,HGH,,CN,An affluent water town near Hangzhou,Elite residential,,,PT,6
Dali,,DLU,Yunnan,CN,An ancient city in Yunnan Province,Elite residential,,,CO,6
José Ignacio,,PDP,,UY,An exclusive beach resort village near Punta del Este,Elite residential,,,CL,6
Sanlitun,,PEK,Beijing,CN,Bustling nightlife district with trendy bars,Elite residential,,,BT,6
Bavarian Estates,,MUC,Munich,DE,Castles,Elite residential,,,BM,6
Emerald Hill,,SIN,Singapore,SG,Charming colonial-era district with restored shophouses,Elite residential,,,TC,5
The Scottish Highlands,,INV,,GB,Dramatic landscapes with exclusive hunting lodges and luxury castles offering a unique and historic getaway.,Elite residential,,,SC,5
Rancho Santa Fe,,SAN,,US,Exclusive community known for its sprawling estates,Elite residential,,,OM,5
Nam Island,,HAN,,VN,Exclusive enclave with French colonial villas,Elite residential,,,KZ,5
Bosques de las Lomas,,MEX,Mexico City,MX,Exclusive gated community featuring lavish mansions,Elite residential,,,KW,5
Penghu Islands,,MZG,,TW,Exclusive island chain with secluded beaches,Elite residential,,,KH,5
Krestovsky Island,,LED,,RU,Exclusive island known for its historic mansions and yacht clubs,Elite residential,,,DO,5
Langkawi,,LGK,,MY,Exclusive Malaysian archipelago known for its luxury beach resorts,Elite residential,,,BS,5
Ibiza,,IBZ,,ES,Exclusive Mediterranean island known for its upscale beach clubs,Elite residential,,,VG,4
Courmeyer,,TRN,,IT,Exclusive ski resort town in the Italian Alps offering high-end chalets,Elite residential,,,UY,4
Sunshine City,,SZX,Shenzhen,CN,Futuristic district with modern skyscrapers,Elite residential,,,TW,4
Shaughnessy,,YVR,Vancouver,CA,Historic neighborhood known for its grand mansions,Elite residential,,,PH,4
Indian Village,,DTW,,US,Historic neighborhood with distinctive early 20th-century mansions and a strong sense of community.,Elite residential,,,NO,4
Santorini (Thira Airport),,JTR,,GR,Iconic Greek island renowned for its stunning sunsets,Elite residential,,,MU,4
Danga Bay,,JHB,,MY,Newly developed waterfront area featuring luxury condominiums,Elite residential,,,IL,4
West Lake District,,HGH,,CN,Picturesque area featuring historic villas,Elite residential,,,FJ,4
Coral Gables,,MIA,Miami,US,Planned community with Mediterranean-style homes,Elite residential,,,CZ,4
Jardins,,GRU,São Paulo,BR,Prestigious district with designer boutiques,Elite residential,,,CR,4
Rosewood Carrasco,,MVD,,UY,Seaside suburb known for its elegant villas,Elite residential,,,BW,4
Nara Pranburi,,BKK,Bangkok,TH,Secluded beachfront community with luxury villas,Elite residential,,,VI,3
Isle of Man,,IOM,,IM,Tranquil island escape with exclusive heritage sites,Elite residential,,,SE,3
Sukhumvit Soi Thonglor,,BKK,Bangkok,TH,Trendy neighborhood known for its upscale restaurants,Elite residential,,,PR,3
Patriarshiye Ponds,,SVO,Moscow,RU,Trendy neighborhood with upscale restaurants and designer boutiques,Elite residential,,,PF,3
Ženevský Smíchov,,PRG,,CZ,Upscale area along the Vltava River with modern apartments,Elite residential,,,NP,3
Jingan District,,PVG,Shanghai,CN,Upscale area with luxury apartments,Elite residential,,,ME,3
8th Arrondissement,3,CDG,Paris,FR,,Elite residential,,,LA,3
Abu Dhabi,,AUH,Abu Dhabi,AE,,Elite residential,,,KE,3
Achrafieh,,BEY,,LB,,Elite residential,,,JM,3
Agios Ioannis,,JMK,Mykonos,GR,,Elite residential,,,IS,3
Al Olaya,,RUH,Riyadh,SA,,Elite residential,,,HU,3
Al Shatti,,MCT,Muscat,OM,,Elite residential,,,BH,3
Altamount Road,2,BOM,Mumbai,IN,,Elite residential,,,AZ,3
Amman,,AMM,,JO,,Elite residential,,,VC,2
Amsterdam,,AMS,,NL,,Elite residential,,,TZ,2
Ashgabat,,ASB,,TM,,Elite residential,,,SX,2
Astana,,NQZ,,KZ,,Elite residential,,,SK,2
Atherton,,SFO,San Francisco,US,,Elite residential,,,PL,2
Avenue Princesse Grace Monte Carlo,,NCE,Nice,FR,,Elite residential,,,PA,2
Back Bay,,BOS,Boston,US,,Elite residential,,,NL,2
Bali,,DPS,Bali,ID,,Elite residential,,,NA,2
Barranco,,LIM,,PE,,Elite residential,,,MK,2
Belgravia,,LHR,London,GB,,Elite residential,,,LK,2
Belize City,,BZE,,BZ,,Elite residential,,,LB,2
Berkeley,,OAK,San Francisco,US,,Elite residential,,,KY,2
Beverly Hills,,LAX,Los Angeles,US,,Elite residential,,,KN,2
Big Island,,ITO,,US,,Elite residential,,,EC,2
Bimini,,NSB,,BS,,Elite residential,,,BL,2
Bishkek,,FRU,,KG,,Elite residential,,,BE,2
Bodrum,,BJV,,TR,,Elite residential,,,BB,2
Bolzano,,BZO,,IT,,Elite residential,,,AQ,2
Bordeaux Vineyards,,BOD,,FR,,Elite residential,,,AI,2
Bozeman,,BZN,,US,,Elite residential,,,AG,2
Brentwood,,LAX,Los Angeles,US,,Elite residential,,,ZM,1
Brookhaven,,ISP,,US,,Elite residential,,,VE,1
Buckhead,,ATL,Atlanta,US,,Elite residential,,,UZ,1
Bukit Timah,,SIN,Singapore,SG,,Elite residential,,,UK,1
Camberwell,,MEL,,AU,,Elite residential,,,UG,1
Camps Bay,,CPT,Cape Town,ZA,,Elite residential,,,TN,1
Cannes,,NCE,Nice,FR,,Elite residential,,,TM,1
Cap Juluca,,AXA,,AI,,Elite residential,,,RW,1
Charlotte Amalie,,STT,,VI,,Elite residential,,,RO,1
Cheju City,,CJU,Jeju,KR,,Elite residential,,,PW,1
Clifton,,CPT,Cape Town,ZA,,Elite residential,,,NC,1
Cologny,,GVA,Geneva,CH,,Elite residential,,,MZ,1
Comporta,,LIS,,PT,,Elite residential,,,MM,1
Condado,,SJU,San Juan,PR,,Elite residential,,,MF,1
Coronado,,SAN,San Diego,US,,Elite residential,,,LC,1
Darling Point,2,SYD,Sydney,AU,,Elite residential,,,KG,1
De Waterkant,,CPT,,ZA,,Elite residential,,,IR,1
Deep Water Bay,,HKG,Hong Kong,HK,,Elite residential,,,IM,1
Delhi,,DEL,Delhi,IN,,Elite residential,,,IE,1
Diplomatic Quarter,,RUH,Riyadh,SA,,Elite residential,,,HR,1
Double Bay,,SYD,Sydney,AU,,Elite residential,,,GE,1
Downtown Toronto,,YYZ,Toronto,CA,,Elite residential,,,GD,1
East Hampton,,ISP,,US,,Elite residential,,,FO,1
El Golf,,SCL,,CL,,Elite residential,,,ET,1
El Poblado,,MED,Medellin,CO,,Elite residential,,,DK,1
El Putxet i el Farró,,GRO,Barcelona,ES,,Elite residential,,,CY,1
Elahieh,,IKA,Tehran,IR,,Elite residential,,,BZ,1
Elite rural properties in sought-after locations,,MXP,Milan,IT,,Elite residential,,,BQ,1
Elizabeth Bay,,SYD,Sydney,AU,,Elite residential,,,AW,1
Emerging luxury real estate market with upscale offerings,,BKK,Bangkok,TH,,Elite residential,,,AM,1
Etiler,,IST,Istanbul,TR,,Elite residential,,,,0
Exclusive resort and residential area for the wealthy,,PUJ,,DO,,Elite residential,,,Grand Total,1255
Exclusive rural retreats attracting high-net-worth individuals,,STR,,DE,,Elite residential,,,,
Fiji,,NAN,,FJ,,Elite residential,,,,
Fiji,,NAN,,FJ,,Elite residential,,,,
Fisher Island,,MIA,Miami,US,,Elite residential,,,,
Florianópolis,,FLN,,BR,,Elite residential,,,,
Frigate Bay,,SKB,St. Kitts,KN,,Elite residential,,,,
Gallows Bay,,STX,St. Croix,VI,,Elite residential,,,,
Gangnam,,ICN,Seoul,KR,,Elite residential,,,,
Gateway to Europe with a booming property market,,IST,Istanbul,TR,,Elite residential,,,,
Geneva,,GVA,Geneva,CH,,Elite residential,,,,
Georgetown,,DCA,Washington D.C.,US,,Elite residential,,,,
Ginza,,NRT,Tokyo,JP,,Elite residential,,,,
Gold Coast,,ORD,Chicago,US,,Elite residential,,,,
Governor's Harbour,,GHB,,BS,,Elite residential,,,,
Grand Cayman,,GCM,,KY,,Elite residential,,,,
Greenwich,,HAV,,US,,Elite residential,,,,
Grunewald,,BER,,DE,,Elite residential,,,,
Gstaad,,ZRH,Zurich,CH,,Elite residential,,,,
Hamilton Island,,HTI,,AU,,Elite residential,,,,
Heraklion,,HER,,GR,,Elite residential,,,,
Herne Bay,,AKL,Auckland,NZ,,Elite residential,,,,
Highland Park,,DFW,Dallas,US,,Elite residential,,,,
Hilton Head Island,,HHH,,US,,Elite residential,,,,
Historic Centre of Bruges,,OST,,BE,,Elite residential,,,,
Holland Park,,LTN,London,GB,,Elite residential,,,,
Hub for luxury living and business,,DXB,Dubai,AE,,Elite residential,,,,
Ibiza,,IBZ,,ES,,Elite residential,,,,
Ibiza,,IBZ,,ES,,Elite residential,,,,
Ibiza,,IBZ,,ES,,Elite residential,,,,
Ipanema,2,GIG,Rio de Janeiro,BR,,Elite residential,,,,
Istanbul,,IST,Istanbul,TR,,Elite residential,,,,
Jackson Hole,,JAC,,US,,Elite residential,,,,
Jardins,,GRU,São Paulo,BR,,Elite residential,,,,
Jeju City,,CJU,Jeju,KR,,Elite residential,,,,
Jumeirah Beach,,DXB,Dubai,AE,,Elite residential,,,,
Kachina Village,,ASE,,US,,Elite residential,,,,
Kensington,,LHR,London,GB,,Elite residential,,,,
Ketchum,,SUN,,US,,Elite residential,,,,
Key West,,EYW,,US,,Elite residential,,,,
Kitay-Gorod,,SVO,Moscow,RU,,Elite residential,,,,
Knightsbridge,,LGW,London,GB,,Elite residential,,,,
Knightsbridge,,LTN,London,GB,,Elite residential,,,,
Kok-Tobe District,,ALA,Almaty,KZ,,Elite residential,,,,
Kolonaki,,ATH,,GR,,Elite residential,,,,
Kolonaki,,ATH,,GR,,Elite residential,,,,
Kuwait City,,KWI,,KW,,Elite residential,,,,
La Condesa,,MEX,Mexico City,MX,,Elite residential,,,,
La Samanna,,SXM,,MF,,Elite residential,,,,
La Samanna,,SXM,,SX,,Elite residential,,,,
Lara,,AYT,Antalya,TR,,Elite residential,,,,
Laureles,,MED,Medellín,CO,,Elite residential,,,,
Lomas de Chapultepec,,MEX,Mexico City,MX,,Elite residential,,,,
Macau,,MFM,Macau,MO,,Elite residential,,,,
Mackinac Island,,PLN,,US,,Elite residential,,,,
Madrid,,MAD,Madrid,ES,,Elite residential,,,,
Maldives,,MLE,Male,MV,,Elite residential,,,,
Manama,,BAH,,BH,,Elite residential,,,,
Marsh Harbour,,MHH,,BS,,Elite residential,,,,
Martha's Vineyard,,MVY,,US,,Elite residential,,,,
Martha's Vineyard,,MVY,,US,,Elite residential,,,,
Mauritius,,MRU,,MU,,Elite residential,,,,
Mayfair,,LTN,London,GB,,Elite residential,,,,
Menteng,,CGK,,ID,,Elite residential,,,,
Miami Beach,,MIA,Miami,US,,Elite residential,,,,
Mitte,,BER,,DE,,Elite residential,,,,
Monaco,2,NCE,Nice,FR,,Elite residential,,,,
Montauk,,ISP,,US,,Elite residential,,,,
Montego Bay,,MBJ,,JM,,Elite residential,,,,
Muscat,,MCT,,OM,,Elite residential,,,,
Mykonos,,JMK,,GR,,Elite residential,,,,
Mykonos Town,,JMK,Mykonos,GR,,Elite residential,,,,
Nantucket,,ACK,,US,,Elite residential,,,,
Nantucket,,ACK,,US,,Elite residential,,,,
Naples,,APF,,US,,Elite residential,,,,
Neuilly-sur-Seine,,CDG,Paris,FR,,Elite residential,,,,
Neuilly-sur-Seine,,ORY,Paris,FR,,Elite residential,,,,
New Farm,,BNE,Brisbane,AU,,Elite residential,,,,
Newport Beach,2,SNA,Los Angeles,US,,Elite residential,,,,
Nîmes,,NCE,Nice,FR,,Elite residential,,,,
Noosa Heads,,XSC,Sunshine Coast,AU,,Elite residential,,,,
Noumea,,NOU,,NC,,Elite residential,,,,
Nyhavn,,CPH,,DK,,Elite residential,,,,
Old Palo Alto,,SJC,San Jose,US,,Elite residential,,,,
Orchard Road,,SIN,Singapore,SG,,Elite residential,,,,
Oslo,,OSL,,NO,,Elite residential,,,,
Österlen,,MMX,,SE,,Elite residential,,,,
Östermalm,,ARN,,SE,,Elite residential,,,,
Östermalm,,ARN,,SE,,Elite residential,,,,
Oud-Zuid,,AMS,,NL,,Elite residential,,,,
Pacific Heights,,SFO,San Francisco,US,,Elite residential,,,,
Paradise Cove,,LIH,Lihue,US,,Elite residential,,,,
Paradise Valley,,PHX,Phoenix,US,,Elite residential,,,,
Parioli,,FCO,Rome,IT,,Elite residential,,,,
Parioli,,FCO,,IT,,Elite residential,,,,
Parnell,,AKL,Auckland,NZ,,Elite residential,,,,
Paseo de la Reforma,,MEX,Mexico City,MX,,Elite residential,,,,
Phuket,,HKT,,TH,,Elite residential,,,,
Pisa,,PSA,,IT,,Elite residential,,,,
Polanco,,MEX,Mexico City,MX,,Elite residential,,,,
Pondok Indah,,CGK,,ID,,Elite residential,,,,
Prestigious countryside estates favored by affluent investors,,FRA,Frangford am Maa,DE,,Elite residential,,,,
Puerto Cancun,,CUN,Cancún,MX,,Elite residential,,,,
Puerto Madero,,AEP,Buenos Aires,AR,,Elite residential,,,,
Puerto Madero,,EZE,,AR,,Elite residential,,,,
Punta Mita,,PVR,Puerto Vallarta,MX,,Elite residential,,,,
Pyeongchang-dong,,ICN,Seoul,KR,,Elite residential,,,,
Queenstown,,ZQN,,NZ,,Elite residential,,,,
Rathmines,,DUB,,IE,,Elite residential,,,,
Recoleta,,EZE,,AR,,Elite residential,,,,
Remuera,,AKL,Auckland,NZ,,Elite residential,,,,
Repulse Bay,,HKG,Hong Kong,HK,,Elite residential,,,,
River Oaks,,HOU,Houston,US,,Elite residential,,,,
Riveria,,MRS,,FR,,Elite residential,,,,
Roma Norte,,MEX,Mexico City,MX,,Elite residential,,,,
Rosedale,2,YYZ,Toronto,CA,,Elite residential,,,,
Saadiyat Island,,AUH,Abu Dhabi,AE,,Elite residential,,,,
Saint-Germain-des-Prés,,CDG,Paris,FR,,Elite residential,,,,
Saint-Germain-des-Prés,,ORY,Paris,FR,,Elite residential,,,,
Saint-Tropez,2,NCE,Nice,FR,,Elite residential,,,,
Salamanca,,MAD,Madrid,ES,,Elite residential,,,,
Sandhurst,,JNB,Johannesburg,ZA,,Elite residential,,,,
Sandhurst,,JNB,,ZA,,Elite residential,,,,
Sandy Lane,,BGI,,BB,,Elite residential,,,,
Sandy Lane,,MBJ,Montego Bay,JM,,Elite residential,,,,
Sankt Gallen,,ACH,,CH,,Elite residential,,,,
Sankt Gallen,,ACH,,CH,,Elite residential,,,,
Sant Gervasi,,BCN,Barcelona,ES,,Elite residential,,,,
Sant Gervasi,,GRO,Barcelona,ES,,Elite residential,,,,
Sant'Ambrogio,,MXP,Milan,IT,,Elite residential,,,,
Santa Monica,,LAX,Los Angeles,US,,Elite residential,,,,
Santa Monica,,SNA,Los Angeles,US,,Elite residential,,,,
Santorini,,JTR,,GR,,Elite residential,,,,
Sanya,,SYX,Sanya,CN,,Elite residential,,,,
Sardinia,,CAG,,IT,,Elite residential,,,,
Schwabing,,MUC,Munich,DE,,Elite residential,,,,
Sentosa Cove,,SIN,Singapore,SG,,Elite residential,,,,
Seychelles,,SEZ,,SC,,Elite residential,,,,
Shanghai,,SHA,Shanghai,CN,,Elite residential,,,,
Shaughnessy,,YVR,Vancouver,CA,,Elite residential,,,,
Sochi,,AER,,RU,,Elite residential,,,,
South Perth,,PER,,AU,,Elite residential,,,,
South Yarra,,MEL,Melbourne,AU,,Elite residential,,,,
South Yarra,,MEL,Melbourne,AU,,Elite residential,,,,
Spittal Pond,,BDA,Bermuda,BM,,Elite residential,,,,
St. John's,,ANU,,AG,,Elite residential,,,,
St. Moritz,,LUG,,CH,,Elite residential,,,,
St. Petersburg,,LED,,RU,,Elite residential,,,,
Sun Valley,,SUN,,US,,Elite residential,,,,
Sylt,,GWT,,DE,,Elite residential,,,,
Sylt,,GWT,,DE,,Elite residential,,,,
Tashkent,,TAS,,UZ,,Elite residential,,,,
Tel Aviv,,TLV,,IL,,Elite residential,,,,
Teterboro,,EWR,,US,,Elite residential,,,,
The Bishopscourt,,CPT,,ZA,,Elite residential,,,,
The Peak,,HKG,Hong Kong,HK,,Elite residential,,,,
The Pearl,,DOH,Doha,QA,,Elite residential,,,,
Toorak,,MEL,Melbourne,AU,,Elite residential,,,,
Toorak,,MEL,Melbourne,AU,,Elite residential,,,,
Tortola,,EIS,,VG,,Elite residential,,,,
Tortola,,EIS,,VG,,Elite residential,,,,
Toulon,,TLN,,FR,,Elite residential,,,,
Trastevere,,FCO,Rome,IT,,Elite residential,,,,
TriBeCa,,EWR,New York,US,,Elite residential,,,,
Tryall Club,,MBJ,Montego Bay,JM,,Elite residential,,,,
Tucker's Town,,BDA,Bermuda,BM,,Elite residential,,,,
Tuscan estates,,FLR,Firenze,IT,,Elite residential,,,,
Uccle,,BRU,,BE,,Elite residential,,,,
Upper East Side,,JFK,New York,US,,Elite residential,,,,
Ushuaia,,USH,,AR,,Elite residential,,,,
Vaucluse,,SYD,Sydney,AU,,Elite residential,,,,
Venice,,LAX,Los Angeles,US,,Elite residential,,,,
Vieux Fort,,UVF,,LC,,Elite residential,,,,
West Palm Beach,2,PBI,Miami,US,,Elite residential,,,,
West Vancouver,2,YVR,Vancouver,CA,,Elite residential,,,,
Westmount,,YUL,,CA,,Elite residential,,,,
Whale Bay,,BDA,Bermuda,BM,,Elite residential,,,,
Williamsburg,,JFK,New York,US,,Elite residential,,,,
Zamalek,,CAI,,EG,,Elite residential,,,,
Zurich,,ZRH,Zurich,CH,,Elite residential,,,,
Aman Kyoto,,KIX,,JP,Aman resorts,Luxury Hotel,,,,
Aman New York,,JFK,,US,Aman resorts,Luxury Hotel,,,,
Aman Summer Palace,,PEK,,CN,Aman resorts,Luxury Hotel,,,,
Aman Sveti Stefan,,TIV,,ME,Aman resorts,Luxury Hotel,,,,
Aman Tokyo,,NRT,,JP,Aman resorts,Luxury Hotel,,,,
Aman Venice,,VCE,,IT,Aman resorts,Luxury Hotel,,,,
Aman Villas at Nusa Dua,,DPS,,ID,Aman resorts,Luxury Hotel,,,,
Amandari,,DPS,,ID,Aman resorts,Luxury Hotel,,,,
Amandayan,,LJG,,CN,Aman resorts,Luxury Hotel,,,,
Amanemu,,NGO,,JP,Aman resorts,Luxury Hotel,,,,
Amanfayun,,HGH,,CN,Aman resorts,Luxury Hotel,,,,
Amangiri,,LAS,,US,Aman resorts,Luxury Hotel,,,,
Amanjena,,RAK,,MA,Aman resorts,Luxury Hotel,,,,
Amanjiwo,,JOG,,ID,Aman resorts,Luxury Hotel,,,,
Amankila,,DPS,,ID,Aman resorts,Luxury Hotel,,,,
Amankora,,PBH,,BT,Aman resorts,Luxury Hotel,,,,
Amanoi,,CXR,,VN,Aman resorts,Luxury Hotel,,,,
Amanpulo,,PPS,,PH,Aman resorts,Luxury Hotel,,,,
Amanpuri,,HKT,,TH,Aman resorts,Luxury Hotel,,,,
Amantaka,,LPQ,,LA,Aman resorts,Luxury Hotel,,,,
Amanwana,,LBJ,,ID,Aman resorts,Luxury Hotel,,,,
Amanyangyun,,SHA,,CN,Aman resorts,Luxury Hotel,,,,
Amanyara,,PLS,,TC,Aman resorts,Luxury Hotel,,,,
Amanzoe,,ATH,,GR,Aman resorts,Luxury Hotel,,,,
Auberge Beach Residences,,FLL,Miami,US,Auberge Resorts,Luxury Hotel,,,,
Bishop’s Lodge,,SAF,,US,Auberge Resorts,Luxury Hotel,,,,
Bowie House,,DAL,Dallas,US,Auberge Resorts,Luxury Hotel,,,,
Collegio alla Querce,,FLR,Firenze,IT,Auberge Resorts,Luxury Hotel,,,,
Commodore Perry Estate,,AUS,,US,Auberge Resorts,Luxury Hotel,,,,
Domaine des Etangs,,LIG,,FR,Auberge Resorts,Luxury Hotel,,,,
Element 52,,TEX,,US,Auberge Resorts,Luxury Hotel,,,,
Esperanza,,SJD,Los Cabos,MX,Auberge Resorts,Luxury Hotel,,,,
Etéreo,,CUN,,MX,Auberge Resorts,Luxury Hotel,,,,
Grace Hotel,,JTR,,GR,Auberge Resorts,Luxury Hotel,,,,
Hacienda AltaGracia,,SJO,,CR,Auberge Resorts,Luxury Hotel,,,,
Hotel Jerome,,ASE,,US,Auberge Resorts,Luxury Hotel,,,,
Madeline Hotel and Residences,,TEX,,US,Auberge Resorts,Luxury Hotel,,,,
Mauna Lani,,LNY,,US,Auberge Resorts,Luxury Hotel,,,,
Mayflower Inn & Spa,,BDL,,US,Auberge Resorts,Luxury Hotel,,,,
Primland Resort,,ROA,,US,Auberge Resorts,Luxury Hotel,,,,
Shell Bay Club and Resort,,FLL,Miami,US,Auberge Resorts,Luxury Hotel,,,,
Sleeping Indian Lodge,,MTJ,,US,Auberge Resorts,Luxury Hotel,,,,
Solage,,STS,,US,Auberge Resorts,Luxury Hotel,,,,
Stanly Ranch,,STS,,US,Auberge Resorts,Luxury Hotel,,,,
Susurros del Corazón,,PVR,Puerto Vallarta,MX,Auberge Resorts,Luxury Hotel,,,,
The Dunlin,,CHS,,US,Auberge Resorts,Luxury Hotel,,,,
The Hearst Hotel,,SFO,San Francisco,US,Auberge Resorts,Luxury Hotel,,,,
The Inn at Mattei’s Tavern,,SBA,,US,Auberge Resorts,Luxury Hotel,,,,
The Knox,,DAL,Dallas,US,Auberge Resorts,Luxury Hotel,,,,
The Vanderbilt,,PVD,,US,Auberge Resorts,Luxury Hotel,,,,
White Barn Inn,,PWM,,US,Auberge Resorts,Luxury Hotel,,,,
Wildflower Farms,,ALB,,US,Auberge Resorts,Luxury Hotel,,,,
Bulgari Hotel,,HND,Tokyo,JP,Bulgari Hotel,Luxury Hotel,,,,
Bulgari Hotel,,LAX,Los Angeles,US,Bulgari Hotel,Luxury Hotel,,,,
Bulgari Hotel,,MIA,Miami,US,Bulgari Hotel,Luxury Hotel,,,,
Bulgari Hotel Beijing,,PEK,Beijing,CN,Bulgari Hotel,Luxury Hotel,,,,
Bulgari Hotel London,,LCY,London,GB,Bulgari Hotel,Luxury Hotel,,,,
Bulgari Hotel Milano,,MXP,Milan,IT,Bulgari Hotel,Luxury Hotel,,,,
Bulgari Hotel Paris,,CDG,Paris,FR,Bulgari Hotel,Luxury Hotel,,,,
Bulgari Hotel Roma,,FCO,,IT,Bulgari Hotel,Luxury Hotel,,,,
Bulgari Hotel Shanghai,,PVG,Shanghai,CN,Bulgari Hotel,Luxury Hotel,,,,
Bulgari Hotel Tokyo,,NRT,Tokyo,JP,Bulgari Hotel,Luxury Hotel,,,,
Bulgari Resort Bali,,DPS,Bali,ID,Bulgari Hotel,Luxury Hotel,,,,
Bulgari Resort Dubai,,DXB,,AE,Bulgari Hotel,Luxury Hotel,,,,
COMO Alpina Dolomites,,BZO,,IT,COMO,Luxury Hotel,,,,
COMO Castello Del Nero,,FLR,Firenze,IT,COMO,Luxury Hotel,,,,
COMO Cocoa Island,,MLE,Male,MV,COMO,Luxury Hotel,,,,
COMO Laucala Island,,NAN,,FJ,COMO,Luxury Hotel,,,,
COMO Le Montrachet,,BOD,,FR,COMO,Luxury Hotel,,,,
COMO Maalifushi,,MLE,Male,MV,COMO,Luxury Hotel,,,,
COMO Metropolitan Bangkok,,BKK,Bangkok,TH,COMO,Luxury Hotel,,,,
COMO Metropolitan London,,LTN,London,GB,COMO,Luxury Hotel,,,,
COMO Metropolitan Singapore,,SIN,Singapore,SG,COMO,Luxury Hotel,,,,
COMO Parrot Cay,,PLS,,TC,COMO,Luxury Hotel,,,,
COMO Point Yamu,,HKT,,TH,COMO,Luxury Hotel,,,,
COMO Shambhala Estate,,DPS,Bali,ID,COMO,Luxury Hotel,,,,
COMO The Halkin,,LCY,London,GB,COMO,Luxury Hotel,,,,
COMO The Treasury,,PER,,AU,COMO,Luxury Hotel,,,,
COMO Uma Canggu,,DPS,Bali,ID,COMO,Luxury Hotel,,,,
COMO Uma Paro,,PBH,,BT,COMO,Luxury Hotel,,,,
COMO Uma Punakha,,PBH,,BT,COMO,Luxury Hotel,,,,
Podere San Filippo,,FLR,Firenze,IT,COMO,Luxury Hotel,,,,
Barcelona EDITION,,BCN,Barcelona,ES,EDITION,Luxury Hotel,,,,
Bodrum EDITION,,BJV,,TR,EDITION,Luxury Hotel,,,,
EDITION London,,LCY,London,GB,EDITION,Luxury Hotel,,,,
Miami Beach EDITION,,MIA,Miami,US,EDITION,Luxury Hotel,,,,
Sanya EDITION,,SYX,Sanya,CN,EDITION,Luxury Hotel,,,,
Shanghai EDITION,,PVG,Shanghai,CN,EDITION,Luxury Hotel,,,,
The Doha EDITION,,DOH,,QA,EDITION,Luxury Hotel,,,,
The Dubai EDITION,,DXB,Dubai,AE,EDITION,Luxury Hotel,,,,
The Madrid EDITION,,MAD,Madrid,ES,EDITION,Luxury Hotel,,,,
The Reykjavik EDITION,,KEF,,IS,EDITION,Luxury Hotel,,,,
The Riviera Maya at Kanai EDITION,,CUN,,MX,EDITION,Luxury Hotel,,,,
The Rome EDITION,,FCO,,IT,EDITION,Luxury Hotel,,,,
The Tampa EDITION,,TPA,,US,EDITION,Luxury Hotel,,,,
The Tokyo EDITION,,NRT,Tokyo,JP,EDITION,Luxury Hotel,,,,
Tokyo EDITION,,NRT,Tokyo,JP,EDITION,Luxury Hotel,,,,
West Hollywood,,BUR,Los Angeles,US,EDITION,Luxury Hotel,,,,
Kenting,,KHH,,TW,Exclusive coastal destination famed for its luxury seaside resorts,Luxury Hotel,,,,
Jeju Island,,CJU,,KR,Exclusive island getaway known for its volcanic landscapes,Luxury Hotel,,,,
Porto Cervo,,OLB,,IT,Exclusive seaside resort in Sardinia known for its luxury yacht marinas,Luxury Hotel,,,,
Hainan Island,,SYX,Sanya,CN,Exclusive tropical paradise with luxury beach resorts,Luxury Hotel,,,,
Four Seasons ABU DHABI,,AUH,Abu Dhabi,AE,Four Seasons,Luxury Hotel,,,,
Four Seasons ALEXANDRIA,,HBE,,EG,Four Seasons,Luxury Hotel,,,,
Four Seasons AMMAN,,AMM,,JO,Four Seasons,Luxury Hotel,,,,
Four Seasons ANGUILLA,,AXA,,AI,Four Seasons,Luxury Hotel,,,,
Four Seasons ATHENS (ASTIR PALACE),,ATH,,GR,Four Seasons,Luxury Hotel,,,,
Four Seasons ATLANTA,,ATL,Atlanta,US,Four Seasons,Luxury Hotel,,,,
Four Seasons AUSTIN,,AUS,,US,Four Seasons,Luxury Hotel,,,,
Four Seasons BAHAMAS,,NAS,,BS,Four Seasons,Luxury Hotel,,,,
Four Seasons BAHRAIN BAY,,BAH,,BH,Four Seasons,Luxury Hotel,,,,
Four Seasons BAKU,,GYD,,AZ,Four Seasons,Luxury Hotel,,,,
Four Seasons BALI AT JIMBARAN BAY,,DPS,Bali,ID,Four Seasons,Luxury Hotel,,,,
Four Seasons BALI AT SAYAN,,DPS,Bali,ID,Four Seasons,Luxury Hotel,,,,
Four Seasons BANGKOK AT CHAO PHRAYA RIVER,,BKK,Bangkok,TH,Four Seasons,Luxury Hotel,,,,
Four Seasons BEIJING,,PEK,Beijing,CN,Four Seasons,Luxury Hotel,,,,
Four Seasons BEIRUT,,BEY,,LB,Four Seasons,Luxury Hotel,,,,
Four Seasons BENGALURU AT EMBASSY ONE,,BLR,,IN,Four Seasons,Luxury Hotel,,,,
Four Seasons BEVERLY WILSHIRE,,BUR,Los Angeles,US,Four Seasons,Luxury Hotel,,,,
Four Seasons BOGOTÁ,,BOG,,CO,Four Seasons,Luxury Hotel,,,,
Four Seasons BOGOTÁ (CASA MEDINA),,BOG,,CO,Four Seasons,Luxury Hotel,,,,
Four Seasons BORA BORA,,BOB,,PF,Four Seasons,Luxury Hotel,,,,
Four Seasons BOSTON,,BOS,Boston,US,Four Seasons,Luxury Hotel,,,,
Four Seasons BUDAPEST,,BUD,,HU,Four Seasons,Luxury Hotel,,,,
Four Seasons BUENOS AIRES,,EZE,,AR,Four Seasons,Luxury Hotel,,,,
Four Seasons CABO SAN LUCAS AT CABO DEL SOL,,SJD,Los Cabos,MX,Four Seasons,Luxury Hotel,,,,
Four Seasons CAIRO AT NILE PLAZA,,CAI,,EG,Four Seasons,Luxury Hotel,,,,
Four Seasons CAIRO AT THE FIRST RESIDENCE,,CAI,,EG,Four Seasons,Luxury Hotel,,,,
Four Seasons CASABLANCA,,CMN,,MA,Four Seasons,Luxury Hotel,,,,
Four Seasons CHIANG MAI,,CNX,,TH,Four Seasons,Luxury Hotel,,,,
Four Seasons CHICAGO,,ORD,Chicago,US,Four Seasons,Luxury Hotel,,,,
Four Seasons COSTA RICA,,SJO,,CR,Four Seasons,Luxury Hotel,,,,
Four Seasons DALIAN,,DLC,,CN,Four Seasons,Luxury Hotel,,,,
Four Seasons DENVER,,DEN,,US,Four Seasons,Luxury Hotel,,,,
Four Seasons DOHA,,DOH,,QA,Four Seasons,Luxury Hotel,,,,
Four Seasons DOHA (THE PEARL-QATAR),,DOH,,QA,Four Seasons,Luxury Hotel,,,,
Four Seasons DUBAI AT JUMEIRAH BEACH,,DXB,Dubai,AE,Four Seasons,Luxury Hotel,,,,
Four Seasons DUBAI INTERNATIONAL FINANCIAL CENTRE,,DXB,Dubai,AE,Four Seasons,Luxury Hotel,,,,
Four Seasons FLORENCE,,FLR,Firenze,IT,Four Seasons,Luxury Hotel,,,,
Four Seasons FORT LAUDERDALE,,FLL,Miami,US,Four Seasons,Luxury Hotel,,,,
Four Seasons FRENCH RIVIERA,,NCE,Nice,FR,Four Seasons,Luxury Hotel,,,,
Four Seasons GENEVA,,GVA,Geneva,CH,Four Seasons,Luxury Hotel,,,,
Four Seasons GOLDEN TRIANGLE,,CEI,,TH,Four Seasons,Luxury Hotel,,,,
Four Seasons GUANGZHOU,,CAN,,CN,Four Seasons,Luxury Hotel,,,,
Four Seasons HAMPSHIRE,,LHR,London,GB,Four Seasons,Luxury Hotel,,,,
Four Seasons HANGZHOU AT WEST LAKE,,HGH,,CN,Four Seasons,Luxury Hotel,,,,
Four Seasons HAWAII,,HNL,,US,Four Seasons,Luxury Hotel,,,,
Four Seasons HAWAII,,KOA,,US,Four Seasons,Luxury Hotel,,,,
Four Seasons HAWAII,,LNY,,US,Four Seasons,Luxury Hotel,,,,
Four Seasons HAWAII,,OGG,,US,Four Seasons,Luxury Hotel,,,,
Four Seasons HOI AN,,DAD,,VN,Four Seasons,Luxury Hotel,,,,
Four Seasons HONG KONG,,HKG,Hong Kong,HK,Four Seasons,Luxury Hotel,,,,
Four Seasons HOUSTON,,IAH,Houston,US,Four Seasons,Luxury Hotel,,,,
Four Seasons ISTANBUL AT SULTANAHMET,,IST,Istanbul,TR,Four Seasons,Luxury Hotel,,,,
Four Seasons ISTANBUL AT THE BOSPHORUS,,IST,Istanbul,TR,Four Seasons,Luxury Hotel,,,,
Four Seasons JACKSON HOLE,,JAC,,US,Four Seasons,Luxury Hotel,,,,
Four Seasons JAKARTA,,CGK,,ID,Four Seasons,Luxury Hotel,,,,
Four Seasons JOHANNESBURG,,JNB,,ZA,Four Seasons,Luxury Hotel,,,,
Four Seasons KOH SAMUI,,USM,,TH,Four Seasons,Luxury Hotel,,,,
Four Seasons KUALA LUMPUR,,KUL,,MY,Four Seasons,Luxury Hotel,,,,
Four Seasons KUWAIT AT BURJ ALSHAYA,,KWI,,KW,Four Seasons,Luxury Hotel,,,,
Four Seasons KYOTO,,ITM,Osaka,JP,Four Seasons,Luxury Hotel,,,,
Four Seasons LANGKAWI,,LGK,,MY,Four Seasons,Luxury Hotel,,,,
Four Seasons LAS VEGAS,,LAS,,US,Four Seasons,Luxury Hotel,,,,
Four Seasons LISBON,,LIS,,PT,Four Seasons,Luxury Hotel,,,,
Four Seasons LONDON AT PARK LANE,,LHR,London,GB,Four Seasons,Luxury Hotel,,,,
Four Seasons LONDON AT TEN TRINITY SQUARE,,LCY,London,GB,Four Seasons,Luxury Hotel,,,,
Four Seasons LOS ANGELES,,SNA,Los Angeles,US,Four Seasons,Luxury Hotel,,,,
Four Seasons LOS ANGELES AREA,,LAX,Los Angeles,US,Four Seasons,Luxury Hotel,,,,
Four Seasons LOS CABOS AT COSTA PALMAS™,,SJD,Los Cabos,MX,Four Seasons,Luxury Hotel,,,,
Four Seasons MACAO,,MFM,Macau,MO,Four Seasons,Luxury Hotel,,,,
Four Seasons MACAO (THE GRAND SUITES),,MFM,Macau,MO,Four Seasons,Luxury Hotel,,,,
Four Seasons MADRID,,MAD,Madrid,ES,Four Seasons,Luxury Hotel,,,,
Four Seasons MALDIVES AT KUDA HURAA,,MLE,Male,MV,Four Seasons,Luxury Hotel,,,,
Four Seasons MALDIVES AT LANDAA GIRAAVARU,,MLE,Male,MV,Four Seasons,Luxury Hotel,,,,
Four Seasons MALDIVES PRIVATE ISLAND VOAVAH AT BAA ATOLL,,MLE,Male,MV,Four Seasons,Luxury Hotel,,,,
Four Seasons MARRAKECH,,RAK,,MA,Four Seasons,Luxury Hotel,,,,
Four Seasons MAURITIUS,,MRU,,MU,Four Seasons,Luxury Hotel,,,,
Four Seasons MEGÈVE (LES CHALETS..),,LYS,,FR,Four Seasons,Luxury Hotel,,,,
Four Seasons MEXICO CITY,,MEX,Mexico City,MX,Four Seasons,Luxury Hotel,,,,
Four Seasons MIAMI,,MIA,Miami,US,Four Seasons,Luxury Hotel,,,,
Four Seasons MIAMI BEACHES,,MIA,Miami,US,Four Seasons,Luxury Hotel,,,,
Four Seasons MILAN,,MXP,Milan,IT,Four Seasons,Luxury Hotel,,,,
Four Seasons MINNEAPOLIS,,MSP,,US,Four Seasons,Luxury Hotel,,,,
Four Seasons MONTREAL,,YUL,,CA,Four Seasons,Luxury Hotel,,,,
Four Seasons MUMBAI,,BOM,Mumbai,IN,Four Seasons,Luxury Hotel,,,,
Four Seasons NAPA VALLEY,,STS,,US,Four Seasons,Luxury Hotel,,,,
Four Seasons NASHVILLE,,BNA,,US,Four Seasons,Luxury Hotel,,,,
Four Seasons NEVIS,,NEV,,KN,Four Seasons,Luxury Hotel,,,,
Four Seasons NEW ORLEANS,,MSY,,US,Four Seasons,Luxury Hotel,,,,
Four Seasons NEW YORK,,EWR,New York,US,Four Seasons,Luxury Hotel,,,,
Four Seasons NEW YORK DOWNTOWN,,JFK,New York,US,Four Seasons,Luxury Hotel,,,,
Four Seasons ONE DALTON STREET,,BOS,Boston,US,Four Seasons,Luxury Hotel,,,,
Four Seasons ORLANDO,,MCO,,US,Four Seasons,Luxury Hotel,,,,
Four Seasons PALAU EXPLORER (CRUISING RESORT),,ROR,,PW,Four Seasons,Luxury Hotel,,,,
Four Seasons PALM BEACH,,PBI,Miami,US,Four Seasons,Luxury Hotel,,,,
Four Seasons PALO ALTO,,SJC,San Francisco,US,Four Seasons,Luxury Hotel,,,,
Four Seasons PARIS,,ORY,Paris,FR,Four Seasons,Luxury Hotel,,,,
Four Seasons PHILADELPHIA,,PHL,,US,Four Seasons,Luxury Hotel,,,,
Four Seasons PRAGUE,,PRG,,CZ,Four Seasons,Luxury Hotel,,,,
Four Seasons PUNTA MITA,,PVR,Puerto Vallarta,MX,Four Seasons,Luxury Hotel,,,,
Four Seasons RABAT AT KASR AL BAHR,,RBA,,MA,Four Seasons,Luxury Hotel,,,,
Four Seasons RIYADH,,RUH,,SA,Four Seasons,Luxury Hotel,,,,
Four Seasons SAN DIEGO,,SAN,,US,Four Seasons,Luxury Hotel,,,,
Four Seasons SAN FRANCISCO AT EMBARCADERO,,SFO,San Francisco,US,Four Seasons,Luxury Hotel,,,,
Four Seasons SANTA BARBARA,,SBA,,US,Four Seasons,Luxury Hotel,,,,
Four Seasons SANTA FE,,SAF,,US,Four Seasons,Luxury Hotel,,,,
Four Seasons SCOTTSDALE,,PHX,,US,Four Seasons,Luxury Hotel,,,,
Four Seasons SEATTLE,,SEA,,US,Four Seasons,Luxury Hotel,,,,
Four Seasons SEOUL,,ICN,Seoul,KR,Four Seasons,Luxury Hotel,,,,
Four Seasons SERENGETI,,SEU,,TZ,Four Seasons,Luxury Hotel,,,,
Four Seasons SEYCHELLES,,SEZ,,SC,Four Seasons,Luxury Hotel,,,,
Four Seasons SEYCHELLES AT DESROCHES ISLAND,,SEZ,,SC,Four Seasons,Luxury Hotel,,,,
Four Seasons SHARM EL SHEIKH,,SSH,,EG,Four Seasons,Luxury Hotel,,,,
Four Seasons SHENZHEN,,SZX,Shenzhen,CN,Four Seasons,Luxury Hotel,,,,
Four Seasons SINGAPORE,,SIN,Singapore,SG,Four Seasons,Luxury Hotel,,,,
Four Seasons ST. LOUIS,,STL,,US,Four Seasons,Luxury Hotel,,,,
Four Seasons SUZHOU,,WUX,,CN,Four Seasons,Luxury Hotel,,,,
Four Seasons SYDNEY,,SYD,Sydney,AU,Four Seasons,Luxury Hotel,,,,
"Four Seasons TAMARINDO, MÉXICO",,SJO,,CR,Four Seasons,Luxury Hotel,,,,
Four Seasons TAORMINA,,CTA,,IT,Four Seasons,Luxury Hotel,,,,
Four Seasons TIANJIN,,TSN,,CN,Four Seasons,Luxury Hotel,,,,
Four Seasons TOKYO AT MARUNOUCHI,,HND,Tokyo,JP,Four Seasons,Luxury Hotel,,,,
Four Seasons TOKYO AT OTEMACHI,,HND,Tokyo,JP,Four Seasons,Luxury Hotel,,,,
Four Seasons TORONTO,,YYZ,Toronto,CA,Four Seasons,Luxury Hotel,,,,
Four Seasons TUNIS,,TUN,,TN,Four Seasons,Luxury Hotel,,,,
Four Seasons VAIL,,EGE,,US,Four Seasons,Luxury Hotel,,,,
"Four Seasons WASHINGTON, DC",,DCA,Washington D.C.,US,Four Seasons,Luxury Hotel,,,,
Four Seasons WHISTLER,,YVR,,CA,Four Seasons,Luxury Hotel,,,,
HOSHINOYA Bali,,DPS,Bali,ID,HOSHINOYA,Luxury Hotel,,,,
HOSHINOYA Fuji,,HND,Tokyo,JP,HOSHINOYA,Luxury Hotel,,,,
HOSHINOYA Guguan,,TPE,,TW,HOSHINOYA,Luxury Hotel,,,,
HOSHINOYA Karuizawa,,NAG,,JP,HOSHINOYA,Luxury Hotel,,,,
HOSHINOYA Kyoto,,KIX,Osaka,JP,HOSHINOYA,Luxury Hotel,,,,
HOSHINOYA Okinawa,,OKA,,JP,HOSHINOYA,Luxury Hotel,,,,
HOSHINOYA Taketomi Island,,ISG,,JP,HOSHINOYA,Luxury Hotel,,,,
HOSHINOYA Tokyo,,HND,Tokyo,JP,HOSHINOYA,Luxury Hotel,,,,
Anaheim Resort,,SNA,Los Angeles,US,JW Marriott,Luxury Hotel,,,,
Grande Lakes,,MCO,,US,JW Marriott,Luxury Hotel,,,,
JW Marriott Absheron Baku,,GYD,,AZ,JW Marriott,Luxury Hotel,,,,
JW Marriott Atlanta Buckhead,,ATL,Atlanta,US,JW Marriott,Luxury Hotel,,,,
JW Marriott Auckland,,AKL,Auckland,NZ,JW Marriott,Luxury Hotel,,,,
JW Marriott Austin,,AUS,,US,JW Marriott,Luxury Hotel,,,,
JW Marriott Bengaluru Prestige Golfshire Resort & Spa,,BLR,,IN,JW Marriott,Luxury Hotel,,,,
JW Marriott Bucharest Grand Hotel,,OTP,,RO,JW Marriott,Luxury Hotel,,,,
JW Marriott Cancun Resort & Spa,,CUN,,MX,JW Marriott,Luxury Hotel,,,,
JW Marriott Cannes,,NCE,Nice,FR,JW Marriott,Luxury Hotel,,,,
JW Marriott Charlotte,,CLT,,US,JW Marriott,Luxury Hotel,,,,
JW Marriott Chicago,,ORD,Chicago,US,JW Marriott,Luxury Hotel,,,,
JW Marriott Clearwater Beach Resort & Spa,,PIE,,US,JW Marriott,Luxury Hotel,,,,
JW Marriott Dallas Arts District,,DFW,Dallas,US,JW Marriott,Luxury Hotel,,,,
JW Marriott Desert Springs Resort & Spa,,PSP,,US,JW Marriott,Luxury Hotel,,,,
JW Marriott Dongdaemun Square Seoul,,ICN,Seoul,KR,JW Marriott,Luxury Hotel,,,,
JW Marriott Edmonton ICE District,,YEG,,CA,JW Marriott,Luxury Hotel,,,,
JW Marriott El Convento Cusco,,CUZ,,PE,JW Marriott,Luxury Hotel,,,,
JW Marriott Essex House New York,,JFK,New York,US,JW Marriott,Luxury Hotel,,,,
JW Marriott Goa,,GOI,,IN,JW Marriott,Luxury Hotel,,,,
JW Marriott Gold Coast Resort & Spa,,OOL,,AU,JW Marriott,Luxury Hotel,,,,
JW Marriott Grosvenor House London,,LHR,London,GB,JW Marriott,Luxury Hotel,,,,
JW Marriott Guanacaste Resort & Spa,,LIR,,CR,JW Marriott,Luxury Hotel,,,,
JW Marriott Hotel Ankara,,ESB,,TR,JW Marriott,Luxury Hotel,,,,
JW Marriott Hotel Bangkok,,BKK,Bangkok,TH,JW Marriott,Luxury Hotel,,,,
JW Marriott Hotel Beijing,,PKX,Beijing,CN,JW Marriott,Luxury Hotel,,,,
JW Marriott Hotel Beijing Central,,PEK,Beijing,CN,JW Marriott,Luxury Hotel,,,,
JW Marriott Hotel Bengaluru,,BLR,,IN,JW Marriott,Luxury Hotel,,,,
JW Marriott Hotel Berlin,,BER,,DE,JW Marriott,Luxury Hotel,,,,
JW Marriott Hotel Bogota,,BOG,,CO,JW Marriott,Luxury Hotel,,,,
JW Marriott Hotel Cairo,,CAI,,EG,JW Marriott,Luxury Hotel,,,,
JW Marriott Hotel Caracas,,CCS,,VE,JW Marriott,Luxury Hotel,,,,
JW Marriott Hotel Chandigarh,,IXC,,IN,JW Marriott,Luxury Hotel,,,,
JW Marriott Hotel Changsha,,CSX,,CN,JW Marriott,Luxury Hotel,,,,
JW Marriott Hotel Chengdu,,CTU,,CN,JW Marriott,Luxury Hotel,,,,
JW Marriott Hotel Frankfurt,,FRA,Frangford am Maa,DE,JW Marriott,Luxury Hotel,,,,
JW Marriott Hotel Guadalajara,,GDL,,MX,JW Marriott,Luxury Hotel,,,,
JW Marriott Hotel Hangzhou,,HGH,,CN,JW Marriott,Luxury Hotel,,,,
JW Marriott Hotel Hanoi,,HAN,,VN,JW Marriott,Luxury Hotel,,,,
JW Marriott Hotel Harbin River North,,HRB,,CN,JW Marriott,Luxury Hotel,,,,
JW Marriott Hotel Hong Kong,,HKG,Hong Kong,HK,JW Marriott,Luxury Hotel,,,,
JW Marriott Hotel Istanbul Marmara Sea,,IST,Istanbul,TR,JW Marriott,Luxury Hotel,,,,
JW Marriott Hotel Jakarta,,CGK,,ID,JW Marriott,Luxury Hotel,,,,
JW Marriott Hotel Kolkata,,CCU,,IN,JW Marriott,Luxury Hotel,,,,
JW Marriott Hotel Kuala Lumpur,,KUL,,MY,JW Marriott,Luxury Hotel,,,,
JW Marriott Hotel Kuwait City,,KWI,,KW,JW Marriott,Luxury Hotel,,,,
JW Marriott Hotel Lima,,LIM,,PE,JW Marriott,Luxury Hotel,,,,
JW Marriott Hotel Macau,,MFM,Macau,MO,JW Marriott,Luxury Hotel,,,,
JW Marriott Hotel Madrid,,MAD,Madrid,ES,JW Marriott,Luxury Hotel,,,,
JW Marriott Hotel Marina,,DXB,Dubai,AE,JW Marriott,Luxury Hotel,,,,
JW Marriott Hotel Medan,,KNO,,ID,JW Marriott,Luxury Hotel,,,,
JW Marriott Hotel Mexico City Polanco,,MEX,Mexico City,MX,JW Marriott,Luxury Hotel,,,,
JW Marriott Hotel Mexico City Santa Fe,,MEX,Mexico City,MX,JW Marriott,Luxury Hotel,,,,
JW Marriott Hotel Monterrey Valle,,MTY,,MX,JW Marriott,Luxury Hotel,,,,
JW Marriott Hotel Muscat,,MCT,,OM,JW Marriott,Luxury Hotel,,,,
JW Marriott Hotel Nairobi,,NBO,,KE,JW Marriott,Luxury Hotel,,,,
JW Marriott Hotel Nara,,ITM,Osaka,JP,JW Marriott,Luxury Hotel,,,,
JW Marriott Hotel New Delhi Aerocity,,DEL,Delhi,IN,JW Marriott,Luxury Hotel,,,,
JW Marriott Hotel Pune,,PNQ,,IN,JW Marriott,Luxury Hotel,,,,
JW Marriott Hotel Qufu,,JNG,,CN,JW Marriott,Luxury Hotel,,,,
JW Marriott Hotel Rio de Janeiro,,GIG,Rio de Janeiro,BR,JW Marriott,Luxury Hotel,,,,
JW Marriott Hotel Riyadh,,RUH,,SA,JW Marriott,Luxury Hotel,,,,
JW Marriott Hotel Santo Domingo,,SDQ,,DO,JW Marriott,Luxury Hotel,,,,
JW Marriott Hotel Sanya Dadonghai Bay,,SYX,Sanya,CN,JW Marriott,Luxury Hotel,,,,
JW Marriott Hotel Sao Paulo,,GRU,São Paulo,BR,JW Marriott,Luxury Hotel,,,,
JW Marriott Hotel Seoul,,ICN,Seoul,KR,JW Marriott,Luxury Hotel,,,,
JW Marriott Hotel Shanghai at Tomorrow Square,,PVG,Shanghai,CN,JW Marriott,Luxury Hotel,,,,
JW Marriott Hotel Shanghai Changfeng Park,,PVG,Shanghai,CN,JW Marriott,Luxury Hotel,,,,
JW Marriott Hotel Shanghai Fengxian,,PVG,Shanghai,CN,JW Marriott,Luxury Hotel,,,,
JW Marriott Hotel Shenzhen,,SZX,Shenzhen,CN,JW Marriott,Luxury Hotel,,,,
JW Marriott Hotel Shenzhen Bao'an,,SZX,Shenzhen,CN,JW Marriott,Luxury Hotel,,,,
JW Marriott Hotel Singapore South Beach,,SIN,Singapore,SG,JW Marriott,Luxury Hotel,,,,
JW Marriott Hotel Surabaya,,SUB,,ID,JW Marriott,Luxury Hotel,,,,
JW Marriott Hotel Taiyuan,,TYN,,CN,JW Marriott,Luxury Hotel,,,,
JW Marriott Hotel Xi'an,,XIY,,CN,JW Marriott,Luxury Hotel,,,,
JW Marriott Hotel Xi'an Southwest,,XIY,,CN,JW Marriott,Luxury Hotel,,,,
JW Marriott Hotel Yinchuan,,INC,,CN,JW Marriott,Luxury Hotel,,,,
JW Marriott Hotel Zhejiang Anji,,HGH,,CN,JW Marriott,Luxury Hotel,,,,
JW Marriott Hotel Zhengzhou,,CGO,,CN,JW Marriott,Luxury Hotel,,,,
JW Marriott Houston Downtown,,IAH,Houston,US,JW Marriott,Luxury Hotel,,,,
JW Marriott Indianapolis,,IND,,US,JW Marriott,Luxury Hotel,,,,
JW Marriott Istanbul Bosphorus,,IST,Istanbul,TR,JW Marriott,Luxury Hotel,,,,
JW Marriott Jeju Resort & Spa,,CJU,,KR,JW Marriott,Luxury Hotel,,,,
JW Marriott Khao Lak Resort & Spa,,HKT,,TH,JW Marriott,Luxury Hotel,,,,
JW Marriott Khao Lak Resort Suites,,HKT,,TH,JW Marriott,Luxury Hotel,,,,
JW Marriott Las Vegas Resort & Spa,,LAS,,US,JW Marriott,Luxury Hotel,,,,
JW Marriott Los Angeles L.A. LIVE,,LGB,Los Angeles,US,JW Marriott,Luxury Hotel,,,,
JW Marriott Los Cabos Beach Resort & Spa,,SJD,Los Cabos,MX,JW Marriott,Luxury Hotel,,,,
JW Marriott Maldives Resort & Spa,,MLE,Male,MV,JW Marriott,Luxury Hotel,,,,
JW Marriott Marco Island Beach Resort,,RSW,,US,JW Marriott,Luxury Hotel,,,,
JW Marriott Marquis City Center Doha,,DOH,,QA,JW Marriott,Luxury Hotel,,,,
JW Marriott Marquis Hotel Dubai,,DXB,Dubai,AE,JW Marriott,Luxury Hotel,,,,
JW Marriott Marquis Hotel Shanghai Pudong,,PVG,Shanghai,CN,JW Marriott,Luxury Hotel,,,,
JW Marriott Marquis Miami,,FLL,Miami,US,JW Marriott,Luxury Hotel,,,,
JW Marriott Masai Mara Lodge,,NBO,,KE,JW Marriott,Luxury Hotel,,,,
JW Marriott Mauritius Resort,,MRU,,MU,JW Marriott,Luxury Hotel,,,,
JW Marriott Miami,,MIA,Miami,US,JW Marriott,Luxury Hotel,,,,
JW Marriott Miami Turnberry Resort & Spa,,MIA,Miami,US,JW Marriott,Luxury Hotel,,,,
JW Marriott Mumbai Juhu,,BOM,Mumbai,IN,JW Marriott,Luxury Hotel,,,,
JW Marriott Mumbai Sahar,,BOM,Mumbai,IN,JW Marriott,Luxury Hotel,,,,
JW Marriott Mussoorie Walnut Grove Resort & Spa,,DEL,Delhi,IN,JW Marriott,Luxury Hotel,,,,
JW Marriott Nashville,,BNA,,US,JW Marriott,Luxury Hotel,,,,
JW Marriott New Orleans,,MSY,,US,JW Marriott,Luxury Hotel,,,,
JW Marriott Orlando Bonnet Creek Resort & Spa,,MCO,,US,JW Marriott,Luxury Hotel,,,,
JW Marriott Panama,,PTY,,PA,JW Marriott,Luxury Hotel,,,,
JW Marriott Parq Vancouver,,YVR,,CA,JW Marriott,Luxury Hotel,,,,
JW Marriott Phoenix Desert Ridge Resort & Spa,,PHX,,US,JW Marriott,Luxury Hotel,,,,
JW Marriott Phu Quoc Emerald Bay Resort & Spa,,PQC,,VN,JW Marriott,Luxury Hotel,,,,
JW Marriott Phuket Resort & Spa,,HKT,,TH,JW Marriott,Luxury Hotel,,,,
JW Marriott Quito,,UIO,,EC,JW Marriott,Luxury Hotel,,,,
JW Marriott San Antonio Hill Country Resort & Spa,,SAT,,US,JW Marriott,Luxury Hotel,,,,
JW Marriott San Francisco Union Square,,SFO,San Francisco,US,JW Marriott,Luxury Hotel,,,,
JW Marriott Sanya Haitang Bay Resort & Spa,,SYX,Sanya,CN,JW Marriott,Luxury Hotel,,,,
JW Marriott Savannah Plant Riverside District,,SAV,,US,JW Marriott,Luxury Hotel,,,,
JW Marriott Scottsdale Camelback Inn Resort & Spa,,PHX,,US,JW Marriott,Luxury Hotel,,,,
JW Marriott St. Maarten Beach Resort & Spa,,SXM,,SX,JW Marriott,Luxury Hotel,,,,
JW Marriott Tampa Water Street,,TPA,,US,JW Marriott,Luxury Hotel,,,,
JW Marriott The Rosseau Muskoka Resort & Spa,,YQA,,CA,JW Marriott,Luxury Hotel,,,,
JW Marriott Tucson Starr Pass Resort & Spa,,TUS,,US,JW Marriott,Luxury Hotel,,,,
JW Marriott Venice Resort & Spa,,VCE,,IT,JW Marriott,Luxury Hotel,,,,
JW Marriott Washington,,DCA,Washington D.C.,US,JW Marriott,Luxury Hotel,,,,
Ajman Saray,,SHJ,,AE,Luxury Collection Hotels,Luxury Hotel,,,,
Al Manara,,AQJ,,JO,Luxury Collection Hotels,Luxury Hotel,,,,
Al Wathba,,AUH,Abu Dhabi,AE,Luxury Collection Hotels,Luxury Hotel,,,,
Almare,,PVR,Puerto Vallarta,MX,Luxury Collection Hotels,Luxury Hotel,,,,
Assila,,JED,,SA,Luxury Collection Hotels,Luxury Hotel,,,,
Augustine,,PRG,,CZ,Luxury Collection Hotels,Luxury Hotel,,,,
Caresse,,BJV,,TR,Luxury Collection Hotels,Luxury Hotel,,,,
Castillo Hotel Son Vida,,PMI,,ES,Luxury Collection Hotels,Luxury Hotel,,,,
Colony Club by Elegant Hotels,,BGI,,BB,Luxury Collection Hotels,Luxury Hotel,,,,
Cosme,,TRC,,MX,Luxury Collection Hotels,Luxury Hotel,,,,
Domes Miramare,,CFU,,GR,Luxury Collection Hotels,Luxury Hotel,,,,
Domes Zeen Chania,,CHQ,,GR,Luxury Collection Hotels,Luxury Hotel,,,,
Excelsior Hotel Gallia,,LIN,Milan,IT,Luxury Collection Hotels,Luxury Hotel,,,,
Grand Hotel River Park,,BTS,,SK,Luxury Collection Hotels,Luxury Hotel,,,,
Hotel Alfonso XIII,,SVQ,,ES,Luxury Collection Hotels,Luxury Hotel,,,,
Hotel Bristol,,VIE,,AT,Luxury Collection Hotels,Luxury Hotel,,,,
Hotel Bristol,,WAW,,PL,Luxury Collection Hotels,Luxury Hotel,,,,
Hotel Cala di Volpe,,OLB,,IT,Luxury Collection Hotels,Luxury Hotel,,,,
Hôtel de Berri Champs-Élysées,,CDG,Paris,FR,Luxury Collection Hotels,Luxury Hotel,,,,
Hôtel du Couvent,,NCE,Nice,FR,Luxury Collection Hotels,Luxury Hotel,,,,
Hotel Goldener Hirsch,,SZG,,AT,Luxury Collection Hotels,Luxury Hotel,,,,
Hotel Grande Bretagne,,ATH,,GR,Luxury Collection Hotels,Luxury Hotel,,,,
Hotel Imperial,,VIE,,AT,Luxury Collection Hotels,Luxury Hotel,,,,
Hotel Maria Cristina,,EAS,,ES,Luxury Collection Hotels,Luxury Hotel,,,,
Hotel Marqués de Riscal,,VIT,,AR,Luxury Collection Hotels,Luxury Hotel,,,,
Hotel Paracas,,LIM,,PE,Luxury Collection Hotels,Luxury Hotel,,,,
Hotel President Wilson,,GVA,Geneva,CH,Luxury Collection Hotels,Luxury Hotel,,,,
HOTEL THE MITSUI KYOTO,,KIX,Osaka,JP,Luxury Collection Hotels,Luxury Hotel,,,,
IRAPH SUI,,OKA,,JP,Luxury Collection Hotels,Luxury Hotel,,,,
ITC Grand Chola,,MAA,,IN,Luxury Collection Hotels,Luxury Hotel,,,,
ITC Mughal,,AGR,,IN,Luxury Collection Hotels,Luxury Hotel,,,,
ITC Narmada,,AMD,,IN,Luxury Collection Hotels,Luxury Hotel,,,,
Josun Palace,,ICN,Seoul,KR,Luxury Collection Hotels,Luxury Hotel,,,,
King George,,ATH,,GR,Luxury Collection Hotels,Luxury Hotel,,,,
Koenigshof,,MUC,Munich,DE,Luxury Collection Hotels,Luxury Hotel,,,,
Las Alcobas,,MEX,Mexico City,MX,Luxury Collection Hotels,Luxury Hotel,,,,
Lugal,,ESB,,TR,Luxury Collection Hotels,Luxury Hotel,,,,
Matild Palace,,BUD,,HU,Luxury Collection Hotels,Luxury Hotel,,,,
Meixi Lake Hotel,,CSX,,CN,Luxury Collection Hotels,Luxury Hotel,,,,
Mystique,,JTR,,GR,Luxury Collection Hotels,Luxury Hotel,,,,
Na Lotus Hotel,,NNG,,CN,Luxury Collection Hotels,Luxury Hotel,,,,
North Island,,SEZ,,SC,Luxury Collection Hotels,Luxury Hotel,,,,
Paragraph Freedom Square,,TBS,,GE,Luxury Collection Hotels,Luxury Hotel,,,,
Park Tower,,EZE,,AR,Luxury Collection Hotels,Luxury Hotel,,,,
Parklane,,LCA,,CY,Luxury Collection Hotels,Luxury Hotel,,,,
Pine Cliffs Ocean Suites,,FAO,,PT,Luxury Collection Hotels,Luxury Hotel,,,,
Prince de Galles,,CDG,Paris,FR,Luxury Collection Hotels,Luxury Hotel,,,,
Reges,,ADB,,TR,Luxury Collection Hotels,Luxury Hotel,,,,
Salterra,,PLS,,TC,Luxury Collection Hotels,Luxury Hotel,,,,
Sanasaryan Han,,IST,Istanbul,TR,Luxury Collection Hotels,Luxury Hotel,,,,
Sanctuary Cap Cana,,PUJ,,DO,Luxury Collection Hotels,Luxury Hotel,,,,
Santa Marina,,JMK,,GR,Luxury Collection Hotels,Luxury Hotel,,,,
Santo Mauro,,MAD,Madrid,ES,Luxury Collection Hotels,Luxury Hotel,,,,
Sheraton Addis,,ADD,,ET,Luxury Collection Hotels,Luxury Hotel,,,,
Sheraton Grande Sukhumvit,,BKK,Bangkok,TH,Luxury Collection Hotels,Luxury Hotel,,,,
Sheraton Kuwait,,KWI,,KW,Luxury Collection Hotels,Luxury Hotel,,,,
Shisui,,KIX,Osaka,JP,Luxury Collection Hotels,Luxury Hotel,,,,
Solaz,,SJD,Los Cabos,MX,Luxury Collection Hotels,Luxury Hotel,,,,
Suiran,,KIX,Osaka,JP,Luxury Collection Hotels,Luxury Hotel,,,,
TA'AKTANA,,LBJ,,ID,Luxury Collection Hotels,Luxury Hotel,,,,
The Alexander,,EVN,,AM,Luxury Collection Hotels,Luxury Hotel,,,,
The Athenee Hotel,,BKK,Bangkok,TH,Luxury Collection Hotels,Luxury Hotel,,,,
The Azure Qiantang,,HGH,,CN,Luxury Collection Hotels,Luxury Hotel,,,,
The Castle Hotel,,DLC,,CN,Luxury Collection Hotels,Luxury Hotel,,,,
The Gritti Palace,,VCE,,IT,Luxury Collection Hotels,Luxury Hotel,,,,
The Hongta Hotel,,PVG,Shanghai,CN,Luxury Collection Hotels,Luxury Hotel,,,,
The Hythe,,EGE,,US,Luxury Collection Hotels,Luxury Hotel,,,,
The Jaffa,,TLV,,IL,Luxury Collection Hotels,Luxury Hotel,,,,
The Naka Island,,HKT,,TH,Luxury Collection Hotels,Luxury Hotel,,,,
The Ocean Club,,POP,,DO,Luxury Collection Hotels,Luxury Hotel,,,,
The Romanos,,KLX,,GR,Luxury Collection Hotels,Luxury Hotel,,,,
The Royal Hawaiian,,HNL,,US,Luxury Collection Hotels,Luxury Hotel,,,,
The Santa Maria,,PTY,,PA,Luxury Collection Hotels,Luxury Hotel,,,,
The Tasman,,HBA,,AU,Luxury Collection Hotels,Luxury Hotel,,,,
Vana Belle,,USM,,TH,Luxury Collection Hotels,Luxury Hotel,,,,
Vedema,,JTR,,GR,Luxury Collection Hotels,Luxury Hotel,,,,
Mandarin Oriental Abu Dhabi,,AUH,Abu Dhabi,AE,Mandarin Oriental,Luxury Hotel,,,,
Mandarin Oriental Bangkok,,BKK,Bangkok,TH,Mandarin Oriental,Luxury Hotel,,,,
Mandarin Oriental Barcelona,,BCN,Barcelona,ES,Mandarin Oriental,Luxury Hotel,,,,
Mandarin Oriental Beijing,,PEK,Beijing,CN,Mandarin Oriental,Luxury Hotel,,,,
Mandarin Oriental Bodrum,,BJV,,TR,Mandarin Oriental,Luxury Hotel,,,,
Mandarin Oriental Boston,,BOS,Boston,US,Mandarin Oriental,Luxury Hotel,,,,
Mandarin Oriental Canouan (Canouan,,CIW,,VC,Mandarin Oriental,Luxury Hotel,,,,
Mandarin Oriental Costa Navarino,,KLX,,GR,Mandarin Oriental,Luxury Hotel,,,,
Mandarin Oriental Doha,,DOH,,QA,Mandarin Oriental,Luxury Hotel,,,,
Mandarin Oriental Dubai,,DXB,Dubai,AE,Mandarin Oriental,Luxury Hotel,,,,
Mandarin Oriental Geneva,,GVA,Geneva,CH,Mandarin Oriental,Luxury Hotel,,,,
Mandarin Oriental Guangzhou,,CAN,,CN,Mandarin Oriental,Luxury Hotel,,,,
Mandarin Oriental Hong Kong,,HKG,Hong Kong,HK,Mandarin Oriental,Luxury Hotel,,,,
Mandarin Oriental Istanbul,,IST,Istanbul,TR,Mandarin Oriental,Luxury Hotel,,,,
Mandarin Oriental Jakarta,,CGK,,ID,Mandarin Oriental,Luxury Hotel,,,,
Mandarin Oriental Kuala Lumpur,,KUL,,MY,Mandarin Oriental,Luxury Hotel,,,,
Mandarin Oriental Lake Como,,MXP,Milan,IT,Mandarin Oriental,Luxury Hotel,,,,
Mandarin Oriental Lucerne,,ZRH,Zurich,CH,Mandarin Oriental,Luxury Hotel,,,,
Mandarin Oriental Luzern,,ZRH,Zurich,CH,Mandarin Oriental,Luxury Hotel,,,,
Mandarin Oriental Macau,,MFM,Macau,MO,Mandarin Oriental,Luxury Hotel,,,,
Mandarin Oriental Madrid,,MAD,Madrid,ES,Mandarin Oriental,Luxury Hotel,,,,
Mandarin Oriental Mandarin Oriental,,LHR,London,GB,Mandarin Oriental,Luxury Hotel,,,,
Mandarin Oriental Marrakech,,RAK,,MA,Mandarin Oriental,Luxury Hotel,,,,
Mandarin Oriental Miami,,MIA,Miami,US,Mandarin Oriental,Luxury Hotel,,,,
Mandarin Oriental Milan,,MXP,Milan,IT,Mandarin Oriental,Luxury Hotel,,,,
Mandarin Oriental Munich,,MUC,Munich,DE,Mandarin Oriental,Luxury Hotel,,,,
Mandarin Oriental New York,,JFK,New York,US,Mandarin Oriental,Luxury Hotel,,,,
Mandarin Oriental Prague,,PRG,,CZ,Mandarin Oriental,Luxury Hotel,,,,
Mandarin Oriental Riyadh,,RUH,,SA,Mandarin Oriental,Luxury Hotel,,,,
Mandarin Oriental Santiago Spain,,SCQ,,ES,Mandarin Oriental,Luxury Hotel,,,,
Mandarin Oriental Sanya,,SYX,Sanya,CN,Mandarin Oriental,Luxury Hotel,,,,
Mandarin Oriental Shanghai,,PVG,Shanghai,CN,Mandarin Oriental,Luxury Hotel,,,,
Mandarin Oriental Shenzhen,,SZX,Shenzhen,CN,Mandarin Oriental,Luxury Hotel,,,,
Mandarin Oriental Singapore,,SIN,Singapore,SG,Mandarin Oriental,Luxury Hotel,,,,
Mandarin Oriental Taipei,,TPE,,TW,Mandarin Oriental,Luxury Hotel,,,,
Mandarin Oriental Tokyo,,NRT,Tokyo,JP,Mandarin Oriental,Luxury Hotel,,,,
Montage Big Sky,,BZN,,US,Montage,Luxury Hotel,,,,
Montage Cay,,NAS,,BM,Montage,Luxury Hotel,,,,
Montage Deer Valley,,SLC,,US,Montage,Luxury Hotel,,,,
Montage Healdsburg,,STS,,US,Montage,Luxury Hotel,,,,
Montage Kapalua Bay,,OGG,,US,Montage,Luxury Hotel,,,,
Montage Laguna Beach,,LAX,Los Angeles,US,Montage,Luxury Hotel,,,,
Montage Los Cabos,,SJD,Los Cabos,MX,Montage,Luxury Hotel,,,,
Montage Palmetto Bluff,,SAV,,US,Montage,Luxury Hotel,,,,
Montage Punta Mita,,PVR,Puerto Vallarta,MX,Montage,Luxury Hotel,,,,
Brenners Park-Hotel & Spa,,FKB,,DE,Oetker Collection Hotels,Luxury Hotel,,,,
Château Saint-Martin & Spa,,NCE,Nice,FR,Oetker Collection Hotels,Luxury Hotel,,,,
Eden Rock - St Barths,,SBH,,BL,Oetker Collection Hotels,Luxury Hotel,,,,
Hotel du Cap-Eden-Roc,,NCE,Nice,FR,Oetker Collection Hotels,Luxury Hotel,,,,
Hotel La Palma,,NAP,,IT,Oetker Collection Hotels,Luxury Hotel,,,,
Jumby Bay Island,,ANU,,AG,Oetker Collection Hotels,Luxury Hotel,,,,
L'Apogée Courchevel,,LYS,,FR,Oetker Collection Hotels,Luxury Hotel,,,,
Le Bristol Paris,,ORY,Paris,FR,Oetker Collection Hotels,Luxury Hotel,,,,
Palácio Tangará,,GRU,São Paulo,BR,Oetker Collection Hotels,Luxury Hotel,,,,
The Lanesborough,,LHR,London,GB,Oetker Collection Hotels,Luxury Hotel,,,,
The Vineta Hotel,,PBI,Miami,US,Oetker Collection Hotels,Luxury Hotel,,,,
The Woodward,,GVA,Geneva,CH,Oetker Collection Hotels,Luxury Hotel,,,,
Heraklion One&Only,,HER,,GR,One&Only,Luxury Hotel,,,,
One&Only,,CUN,,MK,One&Only,Luxury Hotel,,,,
One&Only,,SJD,Los Cabos,MK,One&Only,Luxury Hotel,,,,
One&Only,,KUL,,MY,One&Only,Luxury Hotel,,,,
One&Only,,KGL,,RW,One&Only,Luxury Hotel,,,,
One&Only,,BZN,,US,One&Only,Luxury Hotel,,,,
One&Only Dubai,,DXB,Dubai,AE,One&Only,Luxury Hotel,,,,
One&Only Male,,MLE,Male,MZ,One&Only,Luxury Hotel,,,,
One&Only Mauritius,,MRU,,MU,One&Only,Luxury Hotel,,,,
Thessaloniki One&Only,,SKG,,GR,One&Only,Luxury Hotel,,,,
Tivat,,TIV,,ME,One&Only,Luxury Hotel,,,,
Verbier,,GVA,Geneva,CH,Prestigious Swiss ski resort offering exclusive chalets,Luxury Hotel,,,,
Al Bustan Palace,,MCT,,OM,Ritz-Carlton,Luxury Hotel,,,,
Dorado Beach,,SJU,,PR,Ritz-Carlton,Luxury Hotel,,,,
Higashiyama Niseko Village,,CTS,,JP,Ritz-Carlton,Luxury Hotel,,,,
Hotel Arts Barcelona,,BCN,Barcelona,ES,Ritz-Carlton,Luxury Hotel,,,,
Mandapa,,DPS,Bali,ID,Ritz-Carlton,Luxury Hotel,,,,
Penha Longa Resort,,LIS,,PT,Ritz-Carlton,Luxury Hotel,,,,
Phulay Bay,,KBV,,TH,Ritz-Carlton,Luxury Hotel,,,,
Rissai Valley,,JZH,,CN,Ritz-Carlton,Luxury Hotel,,,,
Sharq Village & Spa,,DOH,,QA,Ritz-Carlton,Luxury Hotel,,,,
The Nile Ritz-Carlton Cairo,,CAI,,EG,Ritz-Carlton,Luxury Hotel,,,,
The Portman Ritz-Carlton Shanghai,,PVG,Shanghai,CN,Ritz-Carlton,Luxury Hotel,,,,
The Ritz-Carlton Abu Dhabi Grand Canal,,AUH,Abu Dhabi,AE,Ritz-Carlton,Luxury Hotel,,,,
The Ritz-Carlton Almaty,,ALA,,KZ,Ritz-Carlton,Luxury Hotel,,,,
The Ritz-Carlton Amelia Island,,JAX,,US,Ritz-Carlton,Luxury Hotel,,,,
The Ritz-Carlton Amman,,AMM,,JO,Ritz-Carlton,Luxury Hotel,,,,
The Ritz-Carlton Aruba,,AUA,,AW,Ritz-Carlton,Luxury Hotel,,,,
The Ritz-Carlton Astana,,NQZ,,KZ,Ritz-Carlton,Luxury Hotel,,,,
The Ritz-Carlton Atlanta,,ATL,Atlanta,US,Ritz-Carlton,Luxury Hotel,,,,
The Ritz-Carlton Bacara Santa Barbara,,SBA,,US,Ritz-Carlton,Luxury Hotel,,,,
The Ritz-Carlton Bachelor Gulch,,EGE,,US,Ritz-Carlton,Luxury Hotel,,,,
The Ritz-Carlton Bahrain,,BAH,,BH,Ritz-Carlton,Luxury Hotel,,,,
The Ritz-Carlton Baku,,GYD,,AZ,Ritz-Carlton,Luxury Hotel,,,,
The Ritz-Carlton Bal Harbour,,FLL,Miami,US,Ritz-Carlton,Luxury Hotel,,,,
The Ritz-Carlton Bali,,DPS,Bali,ID,Ritz-Carlton,Luxury Hotel,,,,
The Ritz-Carlton Bangalore,,BLR,,IN,Ritz-Carlton,Luxury Hotel,,,,
The Ritz-Carlton Beijing,,PEK,Beijing,CN,Ritz-Carlton,Luxury Hotel,,,,
The Ritz-Carlton Beijing Financial Street,,PEK,Beijing,CN,Ritz-Carlton,Luxury Hotel,,,,
The Ritz-Carlton Berlin,,BER,,DE,Ritz-Carlton,Luxury Hotel,,,,
The Ritz-Carlton Boston,,BOS,Boston,US,Ritz-Carlton,Luxury Hotel,,,,
The Ritz-Carlton Budapest,,BUD,,HU,Ritz-Carlton,Luxury Hotel,,,,
The Ritz-Carlton Charlotte,,CLT,,US,Ritz-Carlton,Luxury Hotel,,,,
The Ritz-Carlton Chengdu,,CTU,,CN,Ritz-Carlton,Luxury Hotel,,,,
The Ritz-Carlton Chicago,,ORD,Chicago,US,Ritz-Carlton,Luxury Hotel,,,,
The Ritz-Carlton Cleveland,,CLE,,US,Ritz-Carlton,Luxury Hotel,,,,
The Ritz-Carlton Coconut Grove,,FLL,Miami,US,Ritz-Carlton,Luxury Hotel,,,,
The Ritz-Carlton Dallas,,DAL,Dallas,US,Ritz-Carlton,Luxury Hotel,,,,
The Ritz-Carlton Denver,,DEN,,US,Ritz-Carlton,Luxury Hotel,,,,
The Ritz-Carlton Doha,,DOH,,QA,Ritz-Carlton,Luxury Hotel,,,,
The Ritz-Carlton Dove Mountain,,TUS,,US,Ritz-Carlton,Luxury Hotel,,,,
The Ritz-Carlton Dubai,,DXB,Dubai,AE,Ritz-Carlton,Luxury Hotel,,,,
The Ritz-Carlton Dubai Financial Centre,,DXB,Dubai,AE,Ritz-Carlton,Luxury Hotel,,,,
The Ritz-Carlton Fort Lauderdale,,FLL,Miami,US,Ritz-Carlton,Luxury Hotel,,,,
The Ritz-Carlton Fukuoka,,FUK,,JP,Ritz-Carlton,Luxury Hotel,,,,
The Ritz-Carlton Georgetown,,DCA,Washington D.C.,US,Ritz-Carlton,Luxury Hotel,,,,
The Ritz-Carlton Grand Cayman,,GCM,,KY,Ritz-Carlton,Luxury Hotel,,,,
The Ritz-Carlton Guangzhou,,CAN,,CN,Ritz-Carlton,Luxury Hotel,,,,
The Ritz-Carlton Haikou,,HAK,,CN,Ritz-Carlton,Luxury Hotel,,,,
The Ritz-Carlton Half Moon Bay,,SFO,San Francisco,US,Ritz-Carlton,Luxury Hotel,,,,
The Ritz-Carlton Harbin,,HRB,,CN,Ritz-Carlton,Luxury Hotel,,,,
The Ritz-Carlton Herzliya,,TLV,,IL,Ritz-Carlton,Luxury Hotel,,,,
The Ritz-Carlton Hong Kong,,HKG,Hong Kong,HK,Ritz-Carlton,Luxury Hotel,,,,
The Ritz-Carlton Hotel de la Paix Geneva,,GVA,Geneva,CH,Ritz-Carlton,Luxury Hotel,,,,
The Ritz-Carlton Istanbul,,IST,Istanbul,TR,Ritz-Carlton,Luxury Hotel,,,,
The Ritz-Carlton Jakarta,,CGK,,ID,Ritz-Carlton,Luxury Hotel,,,,
The Ritz-Carlton Jeddah,,JED,,SA,Ritz-Carlton,Luxury Hotel,,,,
The Ritz-Carlton Key Biscayne,,MIA,Miami,US,Ritz-Carlton,Luxury Hotel,,,,
The Ritz-Carlton Koh Samui,,USM,,TH,Ritz-Carlton,Luxury Hotel,,,,
The Ritz-Carlton Kuala Lumpur,,KUL,,MY,Ritz-Carlton,Luxury Hotel,,,,
The Ritz-Carlton Kyoto,,ITM,Osaka,JP,Ritz-Carlton,Luxury Hotel,,,,
The Ritz-Carlton Laguna Niguel,,LAX,Los Angeles,US,Ritz-Carlton,Luxury Hotel,,,,
The Ritz-Carlton Lake Tahoe,,RNO,,US,Ritz-Carlton,Luxury Hotel,,,,
The Ritz-Carlton Langkawi,,LGK,,MY,Ritz-Carlton,Luxury Hotel,,,,
The Ritz-Carlton Los Angeles,,LAX,Los Angeles,US,Ritz-Carlton,Luxury Hotel,,,,
The Ritz-Carlton Macau,,MFM,Macau,MO,Ritz-Carlton,Luxury Hotel,,,,
The Ritz-Carlton Maldives Fari Islands,,MLE,Male,MV,Ritz-Carlton,Luxury Hotel,,,,
The Ritz-Carlton Marina del Rey,,SNA,Los Angeles,US,Ritz-Carlton,Luxury Hotel,,,,
The Ritz-Carlton Maui Kapalua,,OGG,,US,Ritz-Carlton,Luxury Hotel,,,,
The Ritz-Carlton Melbourne,,MEL,,AU,Ritz-Carlton,Luxury Hotel,,,,
The Ritz-Carlton Mexico City,,MEX,Mexico City,MX,Ritz-Carlton,Luxury Hotel,,,,
The Ritz-Carlton Millenia Singapore,,SIN,Singapore,SG,Ritz-Carlton,Luxury Hotel,,,,
The Ritz-Carlton Montreal,,YUL,,CA,Ritz-Carlton,Luxury Hotel,,,,
The Ritz-Carlton Nanjing,,NKG,,CN,Ritz-Carlton,Luxury Hotel,,,,
The Ritz-Carlton Naples,,RSW,,US,Ritz-Carlton,Luxury Hotel,,,,
The Ritz-Carlton New Orleans,,MSY,,US,Ritz-Carlton,Luxury Hotel,,,,
The Ritz-Carlton New York,,EWR,New York,US,Ritz-Carlton,Luxury Hotel,,,,
The Ritz-Carlton Nikko,,NKM,,JP,Ritz-Carlton,Luxury Hotel,,,,
The Ritz-Carlton Okinawa,,OKA,,JP,Ritz-Carlton,Luxury Hotel,,,,
The Ritz-Carlton Orlando Grande Lakes,,MCO,,US,Ritz-Carlton,Luxury Hotel,,,,
The Ritz-Carlton Osaka,,ITM,Osaka,JP,Ritz-Carlton,Luxury Hotel,,,,
The Ritz-Carlton Pentagon City,,IAD,Washington D.C.,US,Ritz-Carlton,Luxury Hotel,,,,
The Ritz-Carlton Perth,,PER,,AU,Ritz-Carlton,Luxury Hotel,,,,
The Ritz-Carlton Philadelphia,,PHL,,US,Ritz-Carlton,Luxury Hotel,,,,
The Ritz-Carlton Portland,,PDX,,US,Ritz-Carlton,Luxury Hotel,,,,
The Ritz-Carlton Pune,,PNQ,,IN,Ritz-Carlton,Luxury Hotel,,,,
The Ritz-Carlton Rancho Mirage,,PSP,,US,Ritz-Carlton,Luxury Hotel,,,,
The Ritz-Carlton Ras Al Khaimah,,RKT,,AE,Ritz-Carlton,Luxury Hotel,,,,
The Ritz-Carlton Residences Waikiki Beach,,HNL,,US,Ritz-Carlton,Luxury Hotel,,,,
The Ritz-Carlton Reynolds Lake Oconee,,ATL,Atlanta,US,Ritz-Carlton,Luxury Hotel,,,,
The Ritz-Carlton Riyadh,,RUH,,SA,Ritz-Carlton,Luxury Hotel,,,,
The Ritz-Carlton San Francisco,,SFO,San Francisco,US,Ritz-Carlton,Luxury Hotel,,,,
The Ritz-Carlton Santiago,,SCL,,CL,Ritz-Carlton,Luxury Hotel,,,,
The Ritz-Carlton Sanya Yalong Bay,,SYX,Sanya,CN,Ritz-Carlton,Luxury Hotel,,,,
The Ritz-Carlton Sarasota,,SRQ,,US,Ritz-Carlton,Luxury Hotel,,,,
The Ritz-Carlton Shanghai Pudong,,PVG,Shanghai,CN,Ritz-Carlton,Luxury Hotel,,,,
The Ritz-Carlton Shenzhen,,SZX,Shenzhen,CN,Ritz-Carlton,Luxury Hotel,,,,
The Ritz-Carlton South Beach,,MIA,Miami,US,Ritz-Carlton,Luxury Hotel,,,,
The Ritz-Carlton St. Louis,,STL,,US,Ritz-Carlton,Luxury Hotel,,,,
The Ritz-Carlton St. Thomas,,STT,,VI,Ritz-Carlton,Luxury Hotel,,,,
The Ritz-Carlton Tenerife Abama,,TFS,,ES,Ritz-Carlton,Luxury Hotel,,,,
The Ritz-Carlton Tianjin,,TSN,,CN,Ritz-Carlton,Luxury Hotel,,,,
The Ritz-Carlton Tokyo,,NRT,Tokyo,JP,Ritz-Carlton,Luxury Hotel,,,,
The Ritz-Carlton Toronto,,YYZ,Toronto,CA,Ritz-Carlton,Luxury Hotel,,,,
The Ritz-Carlton Turks & Caicos,,PLS,,TC,Ritz-Carlton,Luxury Hotel,,,,
The Ritz-Carlton Tysons Corner,,IAD,Washington D.C.,US,Ritz-Carlton,Luxury Hotel,,,,
The Ritz-Carlton Vienna,,VIE,,AT,Ritz-Carlton,Luxury Hotel,,,,
The Ritz-Carlton Washington,,DCA,Washington D.C.,US,Ritz-Carlton,Luxury Hotel,,,,
The Ritz-Carlton Wolfsburg,,HAJ,,DE,Ritz-Carlton,Luxury Hotel,,,,
The Ritz-Carlton Xi'an,,XIY,,CN,Ritz-Carlton,Luxury Hotel,,,,
Zadún,,SJD,Los Cabos,MX,Ritz-Carlton,Luxury Hotel,,,,
Rosewood Abu Dhabi,,AUH,Abu Dhabi,AE,Rosewood Hotel,Luxury Hotel,,,,
Rosewood Alta Badia,,BZO,,IT,Rosewood Hotel,Luxury Hotel,,,,
Rosewood Alwar,,DEL,Delhi,IN,Rosewood Hotel,Luxury Hotel,,,,
Rosewood Bangkok,,BKK,Bangkok,TH,Rosewood Hotel,Luxury Hotel,,,,
Rosewood Beijing,,PEK,Beijing,CN,Rosewood Hotel,Luxury Hotel,,,,
Rosewood Bermuda,,BDA,,BM,Rosewood Hotel,Luxury Hotel,,,,
Rosewood Beverly Hills,,BUR,Los Angeles,US,Rosewood Hotel,Luxury Hotel,,,,
Rosewood Bhutan,,PBH,,BT,Rosewood Hotel,Luxury Hotel,,,,
Rosewood Bodrum,,BJV,,TR,Rosewood Hotel,Luxury Hotel,,,,
Rosewood British Virgin Islands,,EIS,,VG,Rosewood Hotel,Luxury Hotel,,,,
Rosewood Cape Kidnappers,,NPE,,NZ,Rosewood Hotel,Luxury Hotel,,,,
Rosewood Castiglion del Bosco,,FLR,Firenze,IT,Rosewood Hotel,Luxury Hotel,,,,
Rosewood Closeburn,,ZQN,,NZ,Rosewood Hotel,Luxury Hotel,,,,
Rosewood Courchevel,,LYS,,FR,Rosewood Hotel,Luxury Hotel,,,,
Rosewood Dallas,,DAL,Dallas,US,Rosewood Hotel,Luxury Hotel,,,,
Rosewood Galle,,CMB,,LK,Rosewood Hotel,Luxury Hotel,,,,
Rosewood Guangzhou,,CAN,,CN,Rosewood Hotel,Luxury Hotel,,,,
Rosewood Hangzhou,,HGH,,CN,Rosewood Hotel,Luxury Hotel,,,,
Rosewood Hong Kong,,HKG,Hong Kong,HK,Rosewood Hotel,Luxury Hotel,,,,
Rosewood Jackson Hole,,JAC,,US,Rosewood Hotel,Luxury Hotel,,,,
Rosewood Jeddah,,JED,,SA,Rosewood Hotel,Luxury Hotel,,,,
Rosewood Kailua-Kona,,KOA,,US,Rosewood Hotel,Luxury Hotel,,,,
Rosewood Karangasem,,DPS,Bali,ID,Rosewood Hotel,Luxury Hotel,,,,
Rosewood Kranidi,,ATH,,GR,Rosewood Hotel,Luxury Hotel,,,,
Rosewood Kyoto,,KIX,Osaka,JP,Rosewood Hotel,Luxury Hotel,,,,
Rosewood Lake Powell,,PGA,,US,Rosewood Hotel,Luxury Hotel,,,,
Rosewood Lijiang,,LJG,,CN,Rosewood Hotel,Luxury Hotel,,,,
Rosewood Los Cabos,,SJD,Los Cabos,MX,Rosewood Hotel,Luxury Hotel,,,,
Rosewood Luang Prabang,,LPQ,,LA,Rosewood Hotel,Luxury Hotel,,,,
Rosewood Madrid,,MAD,Madrid,ES,Rosewood Hotel,Luxury Hotel,,,,
Rosewood Magelang,,JOG,,ID,Rosewood Hotel,Luxury Hotel,,,,
Rosewood Marrakesh,,RAK,,MA,Rosewood Hotel,Luxury Hotel,,,,
Rosewood Matauri Bay,,KKE,,NZ,Rosewood Hotel,Luxury Hotel,,,,
Rosewood Menlo Park,,SJC,San Francisco,US,Rosewood Hotel,Luxury Hotel,,,,
Rosewood Miami Beach,,MIA,Miami,US,Rosewood Hotel,Luxury Hotel,,,,
Rosewood Montecito,,SBA,,US,Rosewood Hotel,Luxury Hotel,,,,
Rosewood Moyo,,LOP,,ID,Rosewood Hotel,Luxury Hotel,,,,
Rosewood Munich,,MUC,Munich,DE,Rosewood Hotel,Luxury Hotel,,,,
Rosewood Nassau,,NAS,,BS,Rosewood Hotel,Luxury Hotel,,,,
Rosewood New York City,,JFK,New York,US,Rosewood Hotel,Luxury Hotel,,,,
Rosewood Ninh Hải,,CXR,,VN,Rosewood Hotel,Luxury Hotel,,,,
Rosewood Niseko,,CTS,,JP,Rosewood Hotel,Luxury Hotel,,,,
Rosewood Nusa Dua,,DPS,Bali,ID,Rosewood Hotel,Luxury Hotel,,,,
Rosewood Pamalican,,TAG,,PH,Rosewood Hotel,Luxury Hotel,,,,
Rosewood Paris,,ORY,Paris,FR,Rosewood Hotel,Luxury Hotel,,,,
Rosewood Phnom Penh,,PNH,,KH,Rosewood Hotel,Luxury Hotel,,,,
Rosewood Phuket,,HKT,,TH,Rosewood Hotel,Luxury Hotel,,,,
Rosewood Río San Juan,,POP,,DO,Rosewood Hotel,Luxury Hotel,,,,
Rosewood Riviera Maya,,CUN,,MX,Rosewood Hotel,Luxury Hotel,,,,
Rosewood Rosewood,,LHR,London,GB,Rosewood Hotel,Luxury Hotel,,,,
Rosewood Saint Barthélemy,,SBH,,BL,Rosewood Hotel,Luxury Hotel,,,,
Rosewood San Miguel de Allende,,BJX,,MX,Rosewood Hotel,Luxury Hotel,,,,
Rosewood Santa Fe,,SAF,,US,Rosewood Hotel,Luxury Hotel,,,,
Rosewood Sanya,,SYX,Sanya,CN,Rosewood Hotel,Luxury Hotel,,,,
Rosewood São Paulo,,GRU,São Paulo,BR,Rosewood Hotel,Luxury Hotel,,,,
Rosewood Sawai Madhopur,,JAI,,IN,Rosewood Hotel,Luxury Hotel,,,,
Rosewood Shanghai,,PVG,Shanghai,CN,Rosewood Hotel,Luxury Hotel,,,,
Rosewood Shima,,NGO,,JP,Rosewood Hotel,Luxury Hotel,,,,
Rosewood Siem Reap,,SAI,,KH,Rosewood Hotel,Luxury Hotel,,,,
Rosewood South Caicos,,PLS,,TC,Rosewood Hotel,Luxury Hotel,,,,
Rosewood Sveti Stefan,,TGD,,ME,Rosewood Hotel,Luxury Hotel,,,,
Rosewood Tangalle,,HRI,,LK,Rosewood Hotel,Luxury Hotel,,,,
Rosewood Thimphu,,PBH,,BT,Rosewood Hotel,Luxury Hotel,,,,
Rosewood Tokyo,,NRT,Tokyo,JP,Rosewood Hotel,Luxury Hotel,,,,
Rosewood Ubud,,DPS,Bali,ID,Rosewood Hotel,Luxury Hotel,,,,
Rosewood Vancouver,,YVR,,CA,Rosewood Hotel,Luxury Hotel,,,,
Rosewood Venice,,VCE,,IT,Rosewood Hotel,Luxury Hotel,,,,
Rosewood Vienna,,VIE,,AT,Rosewood Hotel,Luxury Hotel,,,,
Rosewood Washington,,DCA,Washington D.C.,US,Rosewood Hotel,Luxury Hotel,,,,
Six Senses BHUTAN,,PBH,,BT,Six Senses Resorts,Luxury Hotel,,,,
Six Senses CAMBODIA,,KOS,,KH,Six Senses Resorts,Luxury Hotel,,,,
Six Senses CHINA,,CTU,,CN,Six Senses Resorts,Luxury Hotel,,,,
Six Senses GRENADA,,GND,,GD,Six Senses Resorts,Luxury Hotel,,,,
Six Senses Ibiza,,IBZ,,ES,Six Senses Resorts,Luxury Hotel,,,,
Six Senses INDIA,,DEL,Delhi,IN,Six Senses Resorts,Luxury Hotel,,,,
Six Senses INDONESIA,,DPS,Bali,ID,Six Senses Resorts,Luxury Hotel,,,,
Six Senses ISRAEL,,TLV,,IL,Six Senses Resorts,Luxury Hotel,,,,
Six Senses ITALY,,FCO,,IT,Six Senses Resorts,Luxury Hotel,,,,
Six Senses JAPAN,,ITM,Osaka,JP,Six Senses Resorts,Luxury Hotel,,,,
Six Senses MALDIVES,,MLE,Male,MV,Six Senses Resorts,Luxury Hotel,,,,
Six Senses OMAN,,MCT,,OM,Six Senses Resorts,Luxury Hotel,,,,
Six Senses PORTUGAL,,OPO,,PT,Six Senses Resorts,Luxury Hotel,,,,
Six Senses SAUDI ARABIA,,JED,,SA,Six Senses Resorts,Luxury Hotel,,,,
Six Senses SEYCHELLES,,SEZ,,SC,Six Senses Resorts,Luxury Hotel,,,,
Six Senses Six Senses FIJI,,NAN,,FJ,Six Senses Resorts,Luxury Hotel,,,,
Six Senses Six Senses FRANCE,,LYS,,FR,Six Senses Resorts,Luxury Hotel,,,,
Six Senses SWITZERLAND,,GVA,Geneva,CH,Six Senses Resorts,Luxury Hotel,,,,
Six Senses THAILAND,,USM,,TH,Six Senses Resorts,Luxury Hotel,,,,
Six Senses TURKEY,,BJV,,TR,Six Senses Resorts,Luxury Hotel,,,,
Six Senses VIETNAM,,DAD,,VN,Six Senses Resorts,Luxury Hotel,,,,
The St. Regis Abu Dhabi,,AUH,Abu Dhabi,AE,St. Regis,Luxury Hotel,,,,
The St. Regis Almasa Hotel,,HRG,,EG,St. Regis,Luxury Hotel,,,,
The St. Regis Amman,,AMM,,JO,St. Regis,Luxury Hotel,,,,
The St. Regis Aspen Resort,,ASE,,US,St. Regis,Luxury Hotel,,,,
The St. Regis Astana,,NQZ,,KZ,St. Regis,Luxury Hotel,,,,
The St. Regis Atlanta,,ATL,Atlanta,US,St. Regis,Luxury Hotel,,,,
The St. Regis Bahia Beach Resort,,SJU,,PR,St. Regis,Luxury Hotel,,,,
The St. Regis Bal Harbour Resort,,MIA,Miami,US,St. Regis,Luxury Hotel,,,,
The St. Regis Bali Resort,,DPS,Bali,ID,St. Regis,Luxury Hotel,,,,
The St. Regis Bangkok,,BKK,Bangkok,TH,St. Regis,Luxury Hotel,,,,
The St. Regis Beijing,,PEK,Beijing,CN,St. Regis,Luxury Hotel,,,,
The St. Regis Bermuda Resort,,BDA,,BM,St. Regis,Luxury Hotel,,,,
The St. Regis Bora Bora Resort,,BOB,,PF,St. Regis,Luxury Hotel,,,,
The St. Regis Cairo,,CAI,,EG,St. Regis,Luxury Hotel,,,,
The St. Regis Changsha,,CSX,,CN,St. Regis,Luxury Hotel,,,,
The St. Regis Chengdu,,CTU,,CN,St. Regis,Luxury Hotel,,,,
The St. Regis Chicago,,ORD,Chicago,US,St. Regis,Luxury Hotel,,,,
The St. Regis Deer Valley,,SLC,,US,St. Regis,Luxury Hotel,,,,
The St. Regis Doha,,DOH,,QA,St. Regis,Luxury Hotel,,,,
The St. Regis Downtown Dubai,,DXB,Dubai,AE,St. Regis,Luxury Hotel,,,,
The St. Regis Dubai The Palm,,DXB,Dubai,AE,St. Regis,Luxury Hotel,,,,
The St. Regis Florence,,FLR,Firenze,IT,St. Regis,Luxury Hotel,,,,
The St. Regis Goa Resort,,GOI,,IN,St. Regis,Luxury Hotel,,,,
The St. Regis Hong Kong,,HKG,Hong Kong,HK,St. Regis,Luxury Hotel,,,,
The St. Regis Houston,,IAH,Houston,US,St. Regis,Luxury Hotel,,,,
The St. Regis Istanbul,,IST,Istanbul,TR,St. Regis,Luxury Hotel,,,,
The St. Regis Jakarta,,CGK,,ID,St. Regis,Luxury Hotel,,,,
The St. Regis Kanai Resort Riviera Maya,,CUN,,MX,St. Regis,Luxury Hotel,,,,
The St. Regis Kuala Lumpur,,KUL,,MY,St. Regis,Luxury Hotel,,,,
The St. Regis Kuwait,,KWI,,KW,St. Regis,Luxury Hotel,,,,
The St. Regis La Bahia Blanca Resort,,TNG,,MA,St. Regis,Luxury Hotel,,,,
The St. Regis Langkawi,,LGK,,MY,St. Regis,Luxury Hotel,,,,
The St. Regis Lhasa Resort,,LXA,,CN,St. Regis,Luxury Hotel,,,,
The St. Regis Macao,,MFM,Macau,MO,St. Regis,Luxury Hotel,,,,
The St. Regis Maldives Vommuli Resort,,MLE,Male,MV,St. Regis,Luxury Hotel,,,,
The St. Regis Mardavall Mallorca Resort,,PMI,,ES,St. Regis,Luxury Hotel,,,,
The St. Regis Marsa Arabia Island,,DOH,,QA,St. Regis,Luxury Hotel,,,,
The St. Regis Mexico City,,MEX,Mexico City,MX,St. Regis,Luxury Hotel,,,,
The St. Regis Mumbai,,BOM,Mumbai,IN,St. Regis,Luxury Hotel,,,,
The St. Regis New York,,JFK,New York,US,St. Regis,Luxury Hotel,,,,
The St. Regis Osaka,,ITM,Osaka,JP,St. Regis,Luxury Hotel,,,,
The St. Regis Punta Mita Resort,,PVR,Puerto Vallarta,MX,St. Regis,Luxury Hotel,,,,
The St. Regis Qingdao,,TAO,,CN,St. Regis,Luxury Hotel,,,,
The St. Regis Red Sea Resort,,JED,,SA,St. Regis,Luxury Hotel,,,,
The St. Regis Riyadh,,RUH,,SA,St. Regis,Luxury Hotel,,,,
The St. Regis Rome,,FCO,,IT,St. Regis,Luxury Hotel,,,,
The St. Regis Saadiyat Island Resort,,AUH,Abu Dhabi,AE,St. Regis,Luxury Hotel,,,,
The St. Regis San Francisco,,SFO,San Francisco,US,St. Regis,Luxury Hotel,,,,
The St. Regis Sanya Yalong Bay Resort,,SYX,Sanya,CN,St. Regis,Luxury Hotel,,,,
The St. Regis Shanghai Jingan,,PVG,Shanghai,CN,St. Regis,Luxury Hotel,,,,
The St. Regis Shenzhen,,SZX,Shenzhen,CN,St. Regis,Luxury Hotel,,,,
The St. Regis Singapore,,SIN,Singapore,SG,St. Regis,Luxury Hotel,,,,
The St. Regis Tianjin,,TSN,,CN,St. Regis,Luxury Hotel,,,,
The St. Regis Toronto,,YYZ,Toronto,CA,St. Regis,Luxury Hotel,,,,
The St. Regis Venice,,VCE,,IT,St. Regis,Luxury Hotel,,,,
The St. Regis Washington,,DCA,Washington D.C.,US,St. Regis,Luxury Hotel,,,,
The St. Regis Zhuhai,,ZUH,,CN,St. Regis,Luxury Hotel,,,,
Al Zorah,,DXB,Dubai,AE,The Oberoi,Luxury Hotel,,,,
Madina,,MED,,SA,The Oberoi,Luxury Hotel,,,,
The Oberoi,,BLR,,IN,The Oberoi,Luxury Hotel,,,,
The Oberoi,,BOM,Mumbai,IN,The Oberoi,Luxury Hotel,,,,
The Oberoi,,DEL,Delhi,IN,The Oberoi,Luxury Hotel,,,,
The Oberoi,,RAK,,MA,The Oberoi,Luxury Hotel,,,,
The Oberoi Amarvilas,,AGR,,IN,The Oberoi,Luxury Hotel,,,,
The Oberoi Beach Resort,,HRG,,EG,The Oberoi,Luxury Hotel,,,,
The Oberoi Cecil,,DED,,IN,The Oberoi,Luxury Hotel,,,,
The Oberoi Grand,,CCU,,IN,The Oberoi,Luxury Hotel,,,,
The Oberoi Rajvilas,,JAI,,IN,The Oberoi,Luxury Hotel,,,,
The Oberoi Sukhvilas Spa Resort,,IXC,,IN,The Oberoi,Luxury Hotel,,,,
The Oberoi Udaivilas,,UDR,,IN,The Oberoi,Luxury Hotel,,,,
The Oberoi Vanyavilas Wildlife Resort,,JAI,,IN,The Oberoi,Luxury Hotel,,,,
Wildflower Hall,,DED,,IN,The Oberoi,Luxury Hotel,,,,
The Peninsula Bangkok,,BKK,Bangkok,TH,The Peninsula,Luxury Hotel,,,,
The Peninsula Beijing,,PEK,Beijing,CN,The Peninsula,Luxury Hotel,,,,
The Peninsula Beverly Hills,,BUR,Los Angeles,US,The Peninsula,Luxury Hotel,,,,
The Peninsula Chicago,,ORD,Chicago,US,The Peninsula,Luxury Hotel,,,,
The Peninsula Hong Kong,,HKG,Hong Kong,HK,The Peninsula,Luxury Hotel,,,,
The Peninsula Istanbul,,IST,Istanbul,TR,The Peninsula,Luxury Hotel,,,,
The Peninsula London,,LHR,London,GB,The Peninsula,Luxury Hotel,,,,
The Peninsula Manila,,MNL,,PH,The Peninsula,Luxury Hotel,,,,
The Peninsula New York,,EWR,New York,US,The Peninsula,Luxury Hotel,,,,
The Peninsula Paris,,ORY,Paris,FR,The Peninsula,Luxury Hotel,,,,
The Peninsula Shanghai,,PVG,Shanghai,CN,The Peninsula,Luxury Hotel,,,,
The Peninsula Tokyo,,NRT,Tokyo,JP,The Peninsula,Luxury Hotel,,,,
Bratislava Castle,,BTS,,SK,,Luxury Hotel,,,,
Caruso,,NAP,,IT,,Luxury Hotel,,,,
Casa de Sierra Nevada,,BJX,,MX,,Luxury Hotel,,,,
Castello di Casole,,FLR,Firenze,IT,,Luxury Hotel,,,,
Copacabana Palace,,GIG,Rio de Janeiro,BR,,Luxury Hotel,,,,
Courchevel 1850,,GVA,Geneva,CH,,Luxury Hotel,,,,
Dalaman,,DLM,,TR,,Luxury Hotel,,,,
Dubrovnik Old Town,,DBV,,HR,,Luxury Hotel,,,,
Eagle Island Lodge,,MUB,,BW,,Luxury Hotel,,,,
EDITION Abu Dhabi,,AUH,Abu Dhabi,AE,,Luxury Hotel,,,,
EDITION New York,,LGA,New York,US,,Luxury Hotel,,,,
El Encanto,,SBA,,US,,Luxury Hotel,,,,
Fasano Angra dos Reis,,GIG,Rio de Janeiro,BR,,Luxury Hotel,,,,
Fasano Belo Horizonte,,CNF,,BR,,Luxury Hotel,,,,
Fasano Boa Vista,,VCP,,BR,,Luxury Hotel,,,,
Fasano Punta del Este,,PDP,,UY,,Luxury Hotel,,,,
Fasano Rio de Janeiro,,GIG,Rio de Janeiro,BR,,Luxury Hotel,,,,
Fasano Salvador,,SSA,,BR,,Luxury Hotel,,,,
Fasano Sao Paulo Itaim,,GRU,São Paulo,BR,,Luxury Hotel,,,,
Fasano Sao Paulo Jardins,,GRU,São Paulo,BR,,Luxury Hotel,,,,
Fasano Trancoso,,TXO,,BR,,Luxury Hotel,,,,
Grand Hotel Timeo,,CTA,,IT,,Luxury Hotel,,,,
Hiram Bingham,,CUZ,,PE,,Luxury Hotel,,,,
Hotel Cipriani,,VCE,,IT,,Luxury Hotel,,,,
Hotel das Cataratas,,IGU,,BR,,Luxury Hotel,,,,
Jimbaran Puri,,DPS,Bali,ID,,Luxury Hotel,,,,
La Résidence d’Angkor,,SAI,,KH,,Luxury Hotel,,,,
La Résidence Phou Vao,,LPQ,,LA,,Luxury Hotel,,,,
La Residencia,,PMI,,ES,,Luxury Hotel,,,,
Las Casitas,,AQP,,PE,,Luxury Hotel,,,,
Le Manoir aux Quat'Saisons,,LTN,London,GB,,Luxury Hotel,,,,
Lech am Arlberg,,INN,,AT,,Luxury Hotel,,,,
Maroma,,CUN,,MX,,Luxury Hotel,,,,
Miraflores Park,,LIM,,PE,,Luxury Hotel,,,,
Monasterio,,CUZ,,PE,,Luxury Hotel,,,,
Mount Nelson,,CPT,,ZA,,Luxury Hotel,,,,
Napasai,,USM,,TH,,Luxury Hotel,,,,
Palacio Nazarenas,,CUZ,,PE,,Luxury Hotel,,,,
Phu Quoc Island,,PQC,,VN,,Luxury Hotel,,,,
Reid's Palace,,FNC,,PT,,Luxury Hotel,,,,
Romazzino,,OLB,,IT,,Luxury Hotel,,,,
Savute Elephant Lodge,,MUB,,BW,,Luxury Hotel,,,,
Splendido,,GOA,,IT,,Luxury Hotel,,,,
Splendido Mare,,GOA,,IT,,Luxury Hotel,,,,
The Cadogan,,LGW,London,GB,,Luxury Hotel,,,,
Villa Margherita,,NAP,,IT,,Luxury Hotel,,,,
Villa San Michele,,FLR,Firenze,IT,,Luxury Hotel,,,,
Villa Sant'Andrea,,GOA,,IT,,Luxury Hotel,,,,
Virgin Gorda,,VIJ,,VG,,Luxury Hotel,,,,
Lizard Island,,CNS,Queensland,AU,Upmarket nature retreat,Luxury Hotel,,,,
Spicers Sangoma Retreat,,BNE,Queensland,AU,Fashionable all-inclusive,Luxury Hotel,,,,
Park Hyatt Sydney,,SYD,New South Wales,AU,Posh harbourside hotel across from the Sydney Opera House,Luxury Hotel,,,,
InterContinental Hayman Island Resort,,HTI,,AU,IHG Hotel,Luxury Hotel,,,,
Sequoia Lodge - Exclusive Adults Only Luxury,,ADL,South Australia,AU,Adults-only hotel within Mount Lofty Botanic Garden,Luxury Hotel,,,,
,,,,,,Luxury Hotel,,,,
Blanket Bay,,ZQN,Otago,NZ,,Luxury Hotel,,,,
,,,,,,Luxury Hotel,,,,
Hapuku Lodge + Tree Houses,,CHC,Canterbury,NZ,Polished rural hotel offering mountain and ocean views ,Luxury Hotel,,,,
The Hermitage Hotel,,MON,Canterbury,NZ,,Luxury Hotel,,,,
,,,,,,Luxury Hotel,,,,
Blue Lagoon Beach Resort,,SYD,New South Wales,AU,,Luxury Hotel,,,,
Hilton Sydney,,SYD,New South Wales,AU,Upscale lodging offering a brasserie,Luxury Hotel,,,,
Gilligan's Bar,,CNS,Queensland,AU,Dynamic hostel with 2 bars and attached nightclubs,Luxury Hotel,,,,
Tolarno Hotel,,MEL,Victoria,AU,,Luxury Hotel,,,,
NRMA Darlington Beach Holiday Resort,,SYD,New South Wales,AU,,Luxury Hotel,,,,
Aiglon College,,GVA,Chesières-Villars ,CH,,School,,,,
Eton College,,LHR,Windsor,GB,,School,,,,
Harrow School,,LHR,London,GB,,School,,,,
Institut Le Rosey,,GVA,Rolle,CH,,School,,,,
Phillips Academy Andover,,BOS,,US,,School,,,,
Phillips Exeter Academy,,BOS,Exeter,US,,School,,,,
The Hotchkiss School,,BDL,,US,,School,,,,
Winchester College,,LHR,Winchester,GB,,School,,,,
The Lodge at Blue Sky,,SLC,,US,Auberge Resorts,Ski Resort,,,,
Niseko,,CTS,,JP,Elite ski destination on the island of Hokkaido renowned for its powder snow,Ski Resort,,,,
Aspen,,ASE,,US,,Ski Resort,,,,
Courchevel,,CMF,,FR,,Ski Resort,,,,
Courchevel,,CMF,,FR,,Ski Resort,,,,
Hakuba,,NGO,,JP,,Ski Resort,,,,
Jackson Hole,,JAC,,US,,Ski Resort,,,,
Kitzbühel,,SZG,,AT,,Ski Resort,,,,
Portillo,,SCL,,CL,,Ski Resort,,,,
Queenstown,,ZQN,,NZ,,Ski Resort,,,,
Sochi,,AER,,RU,,Ski Resort,,,,
St. Moritz,,LUG,,CH,,Ski Resort,,,,
Telluride,,TEX,,US,,Ski Resort,,,,
The Ritz-Carlton Club Vail,,EGE,,US,,Ski Resort,,,,
Vail,,EGE,,US,,Ski Resort,,,,
Whistler,,YVR,,CA,,Ski Resort,,,,
Zakopane Ski Resort,,KRK,,PL,,Ski Resort,,,,
Berkeley,,OAK,San Francisco,US,,University,,,,
Columbia University,,JFK,New York,US,,University,,,,
Cornell University,,ITH,,US,,University,,,,
Harvard University,,BOS,Boston,US,,University,,,,
Imperial College London,,LHR,London,GB,,University,,,,
Massachusetts Institute of Technology,,BOS,Boston,US,,University,,,,
National University of Singapore,,SIN,Singapore,SG,,University,,,,
Princeton University,,EWR,New York,US,,University,,,,
Stanford University,,OAK,San Francisco,US,,University,,,,
Trinity College,,DUB,,IE,,University,,,,
Tsinghua University,,PKX,Beijing,CN,,University,,,,
University of British Columbia,,YVR,,CA,,University,,,,
University of Cambridge,,LTN,London,GB,,University,,,,
University of Chicago,,MDW,Chicago,US,,University,,,,
University of Hong Kong,,HKG,Hong Kong,HK,,University,,,,
University of Illinois at Urbana-Champaign,,CMI,,US,,University,,,,
University of Melbourne,,MEL,,AU,,University,,,,
University of Michigan,,DTW,,US,,University,,,,
University of Oxford,,LGW,London,GB,,University,,,,
University of Pennsylvania,,PHL,,US,,University,,,,
University of Toronto,,YYZ,Toronto,CA,,University,,,,
University of Wisconsin-Madison,,MSN,,US,,University,,,,
Yale University,,HVN,,US,,University,,,,